,words,counts
0,电影,245
1,黑人,228
2,白人,131
3,故事,95
4,政治,91
5,…,83
6,正确,81
7,奥斯卡,81
8,种族,80
9,中,80
10,说,78
11,歧视,72
12,太,66
13,里,66
14,公路,64
15,一部,61
16,表演,61
17,美国,58
18,片子,58
19,更,56
20,剧本,56
21,片,55
22,真的,55
23,两个,54
24,喜欢,53
25,角色,51
26,世界,50
27,这部,49
28,套路,48
29,人物,48
30,身份,46
31,司机,45
32,种族歧视,45
33,孤独,44
34,影片,44
35,细节,43
36,工整,42
37,吃,42
38,好看,41
39,绿皮书,38
40,剧情,37
41,挺,36
42,拍,36
43,主题,36
44,冲突,35
45,温暖,35
46,导演,35
47,没,34
48,白,34
49,肤色,34
50,钢琴家,33
51,特别,33
52,演员,33
53,黑,33
54,想,33
55,触,32
56,阿里,31
57,偏见,31
58,两位,30
59,Tony,30
60,题材,30
61,意大利,30
62,阶级,29
63,改变,29
64,做,29
65,理解,29
66,轻松,29
67,开车,28
68,喜剧,28
69,Viggo,28
70,感觉,28
71,男主,28
72,完,28
73,主角,27
74,一种,27
75,不错,27
76,种族问题,27
77,矛盾,27
78,男人,27
79,真实,26
80,社会,26
81,最佳,26
82,笑,26
83,点,26
84,方式,25
85,节奏,25
86,年代,25
87,最佳影片,25
88,台词,24
89,有趣,24
90,平权,24
91,出,24
92,第一步,23
93,音乐,23
94,Don,23
95,警察,23
96,爱,23
97,托尼,23
98,真,23
99,和解,23
100,作品,22
101,炸鸡,22
102,温情,22
103,感动,22
104,同性恋,22
105,维果,21
106,妻子,21
107,写,21
108,年,21
109,历史,21
110,迈出,21
111,本片,21
112,认同,21
113,叙事,21
114,文化,21
115,tony,20
116,★,20
117,最终,20
118,关系,20
119,观众,20
120,希望,20
121,好莱坞,20
122,音乐家,20
123,之间,20
124,底层,19
125,小姐,19
126,讲,19
127,生活,19
128,颁奖,19
129,确实,19
130,编剧,19
131,可爱,19
132,南方,19
133,视角,19
134,Shirley,19
135,演,18
136,类型,18
137,黑白,18
138,刻意,18
139,阿拉贡,18
140,酒吧,18
141,自我,18
142,一点,18
143,剧作,18
144,差异,18
145,阶层,18
146,「,18
147,这是,17
148,情节,17
149,地方,17
150,塑造,17
151,人心,17
152,尊严,17
153,自然,17
154,戏,17
155,为黛西,17
156,结尾,17
157,完美,16
158,印象,16
159,中国,16
160,设定,16
161,简单,16
162,值得,16
163,观影,16
164,演奏,16
165,勇气,16
166,前,16
167,美好,16
168,友情,16
169,那种,16
170,季,16
171,意大利人,16
172,感,16
173,东西,15
174,扎实,15
175,肯德基,15
176,精彩,15
177,像是,15
178,一场,15
179,整体,15
180,时,15
181,小品,15
182,表达,15
183,元素,15
184,充满,15
185,尊重,15
186,严肃,15
187,幽默,15
188,沉重,14
189,情感,14
190,博士,14
191,带,14
192,环境,14
193,改编,14
194,背景,14
195,平等,14
196,实在,14
197,朋友,14
198,设计,14
199,二人,14
200,刻板,14
201,性格,14
202,感受,14
203,身上,14
204,想到,14
205,片中,14
206,优秀,14
207,60,14
208,两人,14
209,事,14
210,依然,14
211,写信,14
212,害怕,14
213,时代,13
214,叔,13
215,优雅,13
216,巧妙,13
217,越,13
218,令人,13
219,半,13
220,裔,12
221,Ali,12
222,设置,12
223,表现,12
224,过程,12
225,显得,12
226,主旋律,12
227,接受,12
228,演出,12
229,火花,12
230,圣诞,12
231,事件,12
232,观感,12
233,舒服,12
234,s,12
235,精致,12
236,动人,12
237,people,12
238,深度,12
239,旅程,12
240,群体,12
241,恰到好处,12
242,黑色,12
243,艺术,12
244,到位,11
245,建立,11
246,式,11
247,标准,11
248,PS,11
249,走,11
250,惊喜,11
251,想起,11
252,浪漫,11
253,力量,11
254,兄弟,11
255,呈现,11
256,也许,11
257,画面,11
258,老,11
259,平庸,11
260,暴力,11
261,一路,11
262,打动,11
263,老套,11
264,救赎,11
265,舒适,11
266,变得,11
267,内心,10
268,结局,10
269,V,10
270,话,10
271,厉害,10
272,左,10
273,化,10
274,几个,10
275,說,10
276,看过,10
277,水平,10
278,2019,10
279,推荐,10
280,整部,10
281,家庭,10
282,角度,10
283,魅力,10
284,钢琴,10
285,a,10
286,风格,10
287,虚伪,10
288,有人,10
289,内核,10
290,价值观,10
291,天才,10
292,带来,10
293,美,10
294,足够,10
295,剧情片,10
296,马赫,10
297,全片,10
298,南部,10
299,一段,10
300,更是,10
301,选择,10
302,感到,10
303,党徒,9
304,很棒,9
305,男配,9
306,强行,9
307,出彩,9
308,却是,9
309,旅行,9
310,戏剧,9
311,善良,9
312,情绪,9
313,时间,9
314,快乐,9
315,这片,9
316,喜剧片,9
317,唐,9
318,文明,9
319,精英,9
320,告诉,9
321,发现,9
322,现实,9
323,星,9
324,桥段,9
325,对立,9
326,听,9
327,探讨,9
328,形象,9
329,男,9
330,教科书,9
331,意义,9
332,抗争,9
333,精准,9
334,版,9
335,之外,9
336,越来越,8
337,当年,8
338,权利,8
339,温馨,8
340,傲慢,8
341,族群,8
342,国家,8
343,教,8
344,几年,8
345,逼,8
346,情书,8
347,人类,8
348,努力,8
349,哭,8
350,能力,8
351,好像,8
352,新,8
353,~,8
354,看着,8
355,学会,8
356,找,8
357,至少,8
358,观念,8
359,四平八稳,8
360,化解,8
361,拿捏,8
362,巡演,8
363,展现,8
364,经历,8
365,分钟,8
366,性,8
367,发生,8
368,KFC,8
369,个体,8
370,成长,8
371,成功,8
372,国内,8
373,莫腾森,8
374,高,8
375,气,8
376,全程,8
377,传统,8
378,深刻,8
379,意外,8
380,之旅,8
381,俗套,8
382,I,8
383,时刻,8
384,三星,7
385,一幕,7
386,可惜,7
387,表面,7
388,奖,7
389,路上,7
390,流畅,7
391,分,7
392,粗鄙,7
393,男主角,7
394,成,7
395,更好,7
396,一步,7
397,细腻,7
398,组合,7
399,非,7
400,反,7
401,开心,7
402,性取向,7
403,习惯,7
404,典型,7
405,人设,7
406,罗马,7
407,俩,7
408,相比,7
409,四星,7
410,暖,7
411,讲述,7
412,主流,7
413,算是,7
414,描写,7
415,圣诞节,7
416,眼神,7
417,gay,7
418,抛开,7
419,同胞,7
420,发展,7
421,演绎,7
422,展示,7
423,融入,7
424,不行,7
425,只能,7
426,棒,7
427,演得,7
428,回家,7
429,高分,7
430,骨子里,7
431,感人,7
432,触动,7
433,沙拉,7
434,演技,7
435,搭,7
436,价值,7
437,Dr,7
438,肖邦,7
439,勇敢,7
440,克制,7
441,高雅,7
442,爵士,7
443,原因,7
444,信,7
445,教育,7
446,场景,7
447,温柔,7
448,热情,7
449,欢乐,7
450,B,7
451,蛮,7
452,模式,7
453,本质,7
454,段落,7
455,!,7
456,消除,6
457,豆瓣,6
458,融合,6
459,杯子,6
460,住,6
461,讨论,6
462,完整,6
463,创作,6
464,提名,6
465,black,6
466,人生,6
467,粗俗,6
468,一句,6
469,旅途,6
470,相处,6
471,场合,6
472,好吃,6
473,配乐,6
474,影响,6
475,请,6
476,该片,6
477,张力,6
478,於,6
479,一路上,6
480,水准,6
481,煽情,6
482,尖锐,6
483,尝试,6
484,瞬间,6
485,是因为,6
486,少,6
487,笑料,6
488,友谊,6
489,始终,6
490,宽容,6
491,鸡汤,6
492,一群,6
493,超级,6
494,总,6
495,吃饭,6
496,有意思,6
497,家,6
498,心,6
499,无趣,6
500,想象,6
501,推动,6
502,黄色,6
503,进,6
504,满分,6
505,样子,6
506,走出,6
507,镜头,6
508,片段,6
509,放下,6
510,残酷,6
511,劳作,6
512,包装,6
513,十足,6
514,通俗,6
515,突兀,6
516,心理,6
517,思考,6
518,成熟,6
519,移民,6
520,提供,6
521,车,6
522,心中,6
523,高级,6
524,主人公,6
525,黑豹,6
526,描绘,6
527,第二次,6
528,月,6
529,"",6
530,和谐,6
531,没想到,6
532,粗鲁,6
533,white,6
534,好感,6
535,突破,6
536,那段,6
537,间,6
538,事情,6
539,氛围,6
540,全世界,5
541,差,5
542,捍卫,5
543,轻松愉快,5
544,高等教育,5
545,永远,5
546,对视,5
547,泪,5
548,自尊,5
549,橘鸟,5
550,Book,5
551,BP,5
552,代表,5
553,法拉利,5
554,买,5
555,拒绝,5
556,20,5
557,老爸,5
558,弹琴,5
559,圣诞快乐,5
560,胖,5
561,铺垫,5
562,懂,5
563,内容,5
564,弄,5
565,大叔,5
566,稳,5
567,好笑,5
568,change,5
569,缺少,5
570,般,5
571,毛病,5
572,The,5
573,呼应,5
574,核心,5
575,鄙视,5
576,doctor,5
577,预期,5
578,亮点,5
579,终于,5
580,跨越,5
581,遭遇,5
582,用心,5
583,视为,5
584,包括,5
585,正,5
586,主动,5
587,手法,5
588,高潮,5
589,不让,5
590,天赋,5
591,精神,5
592,经典,5
593,服务,5
594,泪点,5
595,自省,5
596,高贵,5
597,老师,5
598,技巧,5
599,说教,5
600,谢利,5
601,物语,5
602,匠气,5
603,包容,5
604,区别,5
605,层面,5
606,格局,5
607,权力,5
608,Green,5
609,学习,5
610,特定,5
611,符合,5
612,雪利,5
613,路,5
614,弱化,5
615,反转,5
616,享受,5
617,一生,5
618,无处不在,5
619,一是,5
620,愤怒,5
621,猜,5
622,平和,5
623,尴尬,5
624,完成度,5
625,广告牌,5
626,地位,5
627,肯定,5
628,纽约,5
629,路边,5
630,态度,5
631,结束,5
632,丰满,5
633,碰撞,5
634,分享,5
635,失望,5
636,美式,5
637,哈哈哈,5
638,阿瓜,5
639,工作,5
640,威士忌,5
641,接纳,5
642,女人,5
643,接地,5
644,颇,5
645,治愈,5
646,3.5,5
647,t,5
648,第一次,5
649,味,5
650,意料之中,5
651,柔软,5
652,直,5
653,原本,5
654,老生常谈,5
655,man,5
656,看似,5
657,仅,5
658,.....,5
659,处境,5
660,差距,5
661,先,5
662,笑声,5
663,帮,5
664,倒,5
665,世纪,5
666,语言,5
667,太棒了,5
668,雨中,5
669,矫枉过正,5
670,相关,5
671,动容,5
672,有时候,5
673,找到,5
674,弧光,5
675,正直,5
676,对抗,5
677,部,5
678,试图,5
679,Mortensen,5
680,绝佳,5
681,长大,5
682,讽刺,5
683,问,5
684,坏,5
685,人民,5
686,类似,5
687,不公,5
688,反差,5
689,行,5
690,上映,5
691,两年,5
692,真人真事,5
693,精巧,5
694,混混,5
695,斯派克,5
696,展开,4
697,100,4
698,离开,4
699,体面,4
700,二是,4
701,格格不入,4
702,中规中矩,4
703,何种,4
704,欢快,4
705,教养,4
706,赢得,4
707,旁边,4
708,種族,4
709,差点,4
710,電影,4
711,总体,4
712,苦大仇深,4
713,农民,4
714,活泼,4
715,如果说,4
716,上流社会,4
717,没什么,4
718,无数,4
719,戏剧性,4
720,复杂性,4
721,win,4
722,丈夫,4
723,口音,4
724,You,4
725,去年,4
726,弹钢琴,4
727,田里,4
728,Joey,4
729,road,4
730,结构,4
731,对白,4
732,审视,4
733,還是,4
734,一眼,4
735,幸运石,4
736,排斥,4
737,温和,4
738,钢琴师,4
739,拥抱,4
740,变化,4
741,满满,4
742,出身,4
743,十颗,4
744,不及,4
745,感情,4
746,有点像,4
747,形式,4
748,拍得,4
749,跨,4
750,黄,4
751,站,4
752,move,4
753,廉价,4
754,放在,4
755,反复,4
756,把握,4
757,情况,4
758,桶,4
759,完后,4
760,太过,4
761,无声,4
762,双男主,4
763,对话,4
764,太好了,4
765,心底,4
766,受,4
767,调和,4
768,奥系,4
769,牛,4
770,一气呵成,4
771,伏笔,4
772,谢谢,4
773,那句,4
774,10,4
775,笑点,4
776,普通人,4
777,说出,4
778,控制,4
779,空间,4
780,钢琴演奏,4
781,收到,4
782,想要,4
783,一件,4
784,唯一,4
785,高尚,4
786,搞,4
787,水形,4
788,广告,4
789,上路,4
790,无疑,4
791,办法,4
792,公平,4
793,外,4
794,种族隔离,4
795,惊讶,4
796,白宫,4
797,第一,4
798,扔,4
799,脸,4
800,好片,4
801,无比,4
802,年度,4
803,利用,4
804,make,4
805,极,4
806,影院,4
807,这才,4
808,拥有,4
809,之感,4
810,Christmas,4
811,绿皮,4
812,美丽,4
813,男孩,4
814,隔靴搔痒,4
815,一半,4
816,即止,4
817,三块,4
818,作用,4
819,内在,4
820,依旧,4
821,一方,4
822,很难,4
823,Mahershala,4
824,有色人种,4
825,老板,4
826,圣诞夜,4
827,远,4
828,boundary,4
829,形容,4
830,银幕,4
831,厌恶,4
832,指环王,4
833,二刷,4
834,气质,4
835,阿呆,4
836,技术,4
837,不算,4
838,虚构,4
839,拯救,4
840,控诉,4
841,自由,4
842,对调,4
843,上流,4
844,遗憾,4
845,美化,4
846,多余,4
847,透着,4
848,适合,4
849,电影院,4
850,追求,4
851,高下,4
852,区,4
853,封面,4
854,摄影,4
855,作者,4
856,便,4
857,非典型,4
858,消解,4
859,很大,4
860,关注,4
861,老婆,4
862,弹,4
863,配方,4
864,帽子,4
865,互相理解,4
866,点到,4
867,提醒,4
868,震撼,4
869,诠释,4
870,愉悦,4
871,行货,4
872,加,4
873,原型,4
874,意裔,4
875,圆满,4
876,州,4
877,一套,4
878,成绩,4
879,水,4
880,衣服,4
881,增肥,4
882,文本,4
883,可怕,4
884,经验,4
885,油腻,4
886,强,4
887,房子,4
888,full,4
889,人性,4
890,提前,4
891,厕所,4
892,stereotype,4
893,处,4
894,孩子,4
895,吸引,4
896,讲得,4
897,Thank,4
898,线,4
899,炉火纯青,4
900,佬,4
901,S,4
902,混,4
903,平淡,4
904,话题,4
905,善意,4
906,Orpheus,4
907,ps,4
908,停留,4
909,互换,4
910,稍微,4
911,Doc,4
912,影帝,4
913,掌声,4
914,讨厌,4
915,誤解,4
916,出生,4
917,衣冠楚楚,4
918,月光,4
919,聪慧,4
920,剪辑,4
921,现象,4
922,流行音乐,3
923,春晚,3
924,绵密,3
925,本能,3
926,事实,3
927,鲜明,3
928,见,3
929,过度,3
930,绿色,3
931,扔掉,3
932,美的,3
933,审美,3
934,看得,3
935,指向,3
936,半个,3
937,换,3
938,符号化,3
939,坐在,3
940,视听,3
941,不想,3
942,过年,3
943,P,3
944,个人感觉,3
945,香蕉,3
946,错位,3
947,一块,3
948,莎拉,3
949,侮辱,3
950,古典,3
951,乏味,3
952,真人,3
953,wtf,3
954,afraid,3
955,新鲜,3
956,构建,3
957,证明,3
958,超出,3
959,车胎,3
960,道,3
961,爱意,3
962,心态,3
963,无论是,3
964,喝过,3
965,生硬,3
966,拉片,3
967,尊敬,3
968,承受,3
969,期待,3
970,为啥,3
971,常规,3
972,屎尿,3
973,舞台,3
974,打破,3
975,宏观,3
976,收尾,3
977,一白,3
978,讨巧,3
979,小年,3
980,踏出,3
981,度,3
982,青年,3
983,滕森,3
984,麻烦,3
985,欣慰,3
986,Because,3
987,i,3
988,石頭,3
989,sharing,3
990,这句,3
991,家族,3
992,急,3
993,一本,3
994,议题,3
995,带有,3
996,这趟,3
997,能量,3
998,转折,3
999,参与,3
1000,族裔,3
1001,笑容,3
1002,困境,3
1003,立体,3
1004,金,3
1005,贺岁片,3
1006,略显,3
1007,实质,3
1008,隔阂,3
1009,现如今,3
1010,皇,3
1011,一层,3
1012,LGBT,3
1013,和稀泥,3
1014,尼格,3
1015,精心,3
1016,肚腩,3
1017,可乐,3
1018,理由,3
1019,高高在上,3
1020,只不过,3
1021,煽动,3
1022,大众,3
1023,幸福,3
1024,持续,3
1025,跑,3
1026,90,3
1027,艺术家,3
1028,算,3
1029,所说,3
1030,暴躁,3
1031,压力,3
1032,8.5,3
1033,件,3
1034,缺点,3
1035,系,3
1036,爱上你,3
1037,仅仅,3
1038,相互理解,3
1039,扮演,3
1040,制作,3
1041,待遇,3
1042,童话,3
1043,起到,3
1044,旧,3
1045,方向,3
1046,出发点,3
1047,由衷,3
1048,合格,3
1049,儿子,3
1050,禁止,3
1051,准确,3
1052,大笑,3
1053,解决,3
1054,风趣,3
1055,剥削,3
1056,喜歡,3
1057,愿,3
1058,版本,3
1059,食品,3
1060,挑不出,3
1061,食物,3
1062,错过,3
1063,嫌弃,3
1064,时而,3
1065,想法,3
1066,几分,3
1067,人物形象,3
1068,化学反应,3
1069,Lip,3
1070,叫停,3
1071,之作,3
1072,一趟,3
1073,挖掘,3
1074,這麼,3
1075,多年,3
1076,不好,3
1077,搭配,3
1078,模式化,3
1079,隐藏人物,3
1080,老妈,3
1081,难过,3
1082,走心,3
1083,窘迫,3
1084,曲子,3
1085,趣味,3
1086,程度,3
1087,国外,3
1088,停车,3
1089,之血,3
1090,courage,3
1091,算计,3
1092,释放,3
1093,想来,3
1094,拿到,3
1095,机会,3
1096,回归,3
1097,缺陷,3
1098,拍出,3
1099,heart,3
1100,受过,3
1101,掩盖,3
1102,最能,3
1103,包袱,3
1104,张弛,3
1105,genius,3
1106,心灵,3
1107,乐趣,3
1108,新意,3
1109,支持,3
1110,有没有,3
1111,片名,3
1112,小镇,3
1113,颠倒,3
1114,田间,3
1115,高光,3
1116,莫,3
1117,不到,3
1118,没能,3
1119,低,3
1120,地步,3
1121,类,3
1122,超强,3
1123,身处,3
1124,忘记,3
1125,正確,3
1126,就让,3
1127,长,3
1128,用餐,3
1129,环节,3
1130,用力,3
1131,合适,3
1132,成就,3
1133,杯,3
1134,作文,3
1135,变,3
1136,天,3
1137,家里,3
1138,目的,3
1139,超,3
1140,饰演,3
1141,多元,3
1142,短暂,3
1143,配,3
1144,总算,3
1145,外壳,3
1146,尺度,3
1147,以小见大,3
1148,截然不同,3
1149,弹奏,3
1150,投机取巧,3
1151,回来,3
1152,灵气,3
1153,链,3
1154,主演,3
1155,生成,3
1156,日常,3
1157,一座,3
1158,粉饰,3
1159,crowd,3
1160,隔离,3
1161,着实,3
1162,下层,3
1163,反击,3
1164,体验,3
1165,一黑,3
1166,这一,3
1167,发声,3
1168,商业,3
1169,才华,3
1170,溫暖,3
1171,確實,3
1172,幸好,3
1173,非黑,3
1174,石头,3
1175,质问,3
1176,早就,3
1177,力度,3
1178,萨米,3
1179,平稳,3
1180,李,3
1181,渲染,3
1182,鸡,3
1183,光芒,3
1184,film,3
1185,街头,3
1186,纯,3
1187,沟通,3
1188,堪称,3
1189,😭,3
1190,意识,3
1191,75,3
1192,英雄,3
1193,成分,3
1194,作业,3
1195,标签,3
1196,上层,3
1197,快感,3
1198,谈,3
1199,北野武,3
1200,历程,3
1201,world,3
1202,导致,3
1203,看得人,3
1204,炙热,3
1205,丢,3
1206,气氛,3
1207,灵魂,3
1208,相助,3
1209,口号,3
1210,m,3
1211,小金人,3
1212,奋斗,3
1213,年前,3
1214,这太,3
1215,不切实际,3
1216,完想,3
1217,上海,3
1218,屁,3
1219,人群,3
1220,太少,3
1221,批评,3
1222,升华,3
1223,压抑,3
1224,派,3
1225,做作,3
1226,教会,3
1227,起承转合,3
1228,嘲讽,3
1229,皮,3
1230,1962,3
1231,客观,3
1232,微妙,3
1233,估计,3
1234,民考汉,3
1235,放到,3
1236,两,3
1237,激烈,3
1238,陷入,3
1239,捡,3
1240,自以为是,3
1241,枪,3
1242,green,3
1243,基督教,3
1244,抓,3
1245,神奇,3
1246,胜,3
1247,搞笑,3
1248,husband,3
1249,喜剧效果,3
1250,电话,3
1251,一夜,3
1252,抛出,3
1253,全家,3
1254,回,3
1255,推进,3
1256,指南,3
1257,感谢,3
1258,金句,3
1259,经济,3
1260,放弃,3
1261,列宁格勒,3
1262,动机,3
1263,边缘,3
1264,讨好,3
1265,晚上,3
1266,本子,3
1267,饱满,3
1268,takes,3
1269,戏谑,3
1270,撿,3
1271,敞开,3
1272,其乐融融,3
1273,北方,3
1274,來,3
1275,学院,3
1276,好多,3
1277,制造,3
1278,垃圾,3
1279,全场,3
1280,基情,3
1281,联想,3
1282,同性,3
1283,选对,3
1284,甚,3
1285,重点,3
1286,面前,3
1287,一出,3
1288,景象,3
1289,餐厅,3
1290,照顾,3
1291,彼得,3
1292,梦,3
1293,看好,3
1294,感触,3
1295,好人,3
1296,正剧,3
1297,文学,3
1298,金斯堡,3
1299,清新,3
1300,圆滑,3
1301,有度,3
1302,一条,3
1303,创新,3
1304,立判,3
1305,复古,3
1306,拉,3
1307,撇开,3
1308,一分,3
1309,最深,3
1310,爆发,3
1311,系统,3
1312,沒,3
1313,一板一眼,3
1314,减,3
1315,得奖,3
1316,无奈,3
1317,从头到尾,3
1318,浅薄,3
1319,共鸣,3
1320,取巧,3
1321,诙谐,3
1322,刚刚,3
1323,穿插,3
1324,属性,3
1325,出色,3
1326,点到为止,3
1327,A,3
1328,深,3
1329,小小的,3
1330,认知,3
1331,黑鬼,3
1332,拿奖,3
1333,泛滥,3
1334,出行,2
1335,隐忍,2
1336,一向,2
1337,写得,2
1338,一对,2
1339,加一星,2
1340,香喷喷,2
1341,每一处,2
1342,Driving,2
1343,来得,2
1344,破,2
1345,有个,2
1346,青睐,2
1347,博爱,2
1348,围绕,2
1349,挣扎,2
1350,個,2
1351,春节,2
1352,莫滕森,2
1353,体制,2
1354,大团结,2
1355,矮人一等,2
1356,演绎出,2
1357,两类,2
1358,香,2
1359,何等,2
1360,菜,2
1361,琴师,2
1362,blues,2
1363,评论,2
1364,卖力,2
1365,回味,2
1366,场,2
1367,悬殊,2
1368,奇缘,2
1369,父辈,2
1370,华裔,2
1371,实属,2
1372,好评,2
1373,开门见山,2
1374,优势,2
1375,脱离,2
1376,Oleg,2
1377,酒,2
1378,不感兴趣,2
1379,两次,2
1380,营造,2
1381,口气,2
1382,窠臼,2
1383,浅显,2
1384,法国,2
1385,自律,2
1386,观看,2
1387,一点点,2
1388,轻轻,2
1389,眼眶,2
1390,胜利,2
1391,色调,2
1392,爱情,2
1393,打着,2
1394,内部,2
1395,出租车,2
1396,心目,2
1397,大道理,2
1398,汉堡,2
1399,吃货,2
1400,治疗,2
1401,大哥,2
1402,家人,2
1403,干活,2
1404,来源于,2
1405,撼动,2
1406,冬风,2
1407,走入,2
1408,无可挑剔,2
1409,积极意义,2
1410,哥,2
1411,相互,2
1412,Linda,2
1413,挂,2
1414,小学生,2
1415,踩,2
1416,一篇,2
1417,面向,2
1418,朝外,2
1419,插曲,2
1420,明白,2
1421,心扉,2
1422,肯尼迪,2
1423,琐碎,2
1424,克斯,2
1425,倒错,2
1426,飞机,2
1427,既定,2
1428,ZZZQ,2
1429,great,2
1430,Bronx,2
1431,三观,2
1432,做人,2
1433,谅解,2
1434,难以,2
1435,有序,2
1436,觉醒,2
1437,非白,2
1438,异常,2
1439,佳作,2
1440,本来,2
1441,四射,2
1442,评委,2
1443,圆润,2
1444,均,2
1445,深挖,2
1446,推倒,2
1447,友邻,2
1448,罢演,2
1449,小调,2
1450,血汗,2
1451,老派,2
1452,鸡腿,2
1453,不肯,2
1454,嘴,2
1455,有太多,2
1456,后半段,2
1457,邀请,2
1458,取悦,2
1459,远远,2
1460,富人,2
1461,很爽,2
1462,打架,2
1463,早,2
1464,强力,2
1465,话语,2
1466,人权,2
1467,對,2
1468,一秒,2
1469,不见,2
1470,回去,2
1471,信服,2
1472,智障,2
1473,贴,2
1474,手表,2
1475,感慨,2
1476,wise,2
1477,碰到,2
1478,亚裔,2
1479,范儿,2
1480,一味,2
1481,奥斯卡奖,2
1482,独特,2
1483,轻喜剧,2
1484,迸发,2
1485,示范,2
1486,闪耀,2
1487,发飙,2
1488,贴近,2
1489,不敢相信,2
1490,佳片,2
1491,主,2
1492,三重奏,2
1493,这么久,2
1494,多莉,2
1495,亚洲,2
1496,下车,2
1497,生厌,2
1498,段,2
1499,读信,2
1500,好好看,2
1501,社群,2
1502,触及,2
1503,割掉,2
1504,9.5,2
1505,sterotype,2
1506,皮囊,2
1507,AI,2
1508,我会,2
1509,国王,2
1510,黑与白,2
1511,传达,2
1512,引发,2
1513,･,2
1514,buddy,2
1515,逃出,2
1516,骨头,2
1517,倾轧,2
1518,人种,2
1519,相遇,2
1520,嘲笑,2
1521,平滑,2
1522,晚宴,2
1523,灾难,2
1524,坏人,2
1525,憎恨,2
1526,外人,2
1527,開始,2
1528,口味,2
1529,心酸,2
1530,一份,2
1531,一切都是,2
1532,那条,2
1533,出乎意料,2
1534,面对,2
1535,绑架,2
1536,男二,2
1537,堂吉诃德,2
1538,神仙,2
1539,谄媚,2
1540,深深,2
1541,绝命,2
1542,层次,2
1543,不白,2
1544,轮胎,2
1545,熟悉,2
1546,这本,2
1547,相得益彰,2
1548,质疑,2
1549,fails,2
1550,规则,2
1551,一丝,2
1552,骑士,2
1553,咔,2
1554,雖然,2
1555,一个头,2
1556,看待,2
1557,纯熟,2
1558,投机,2
1559,大象,2
1560,粗旷,2
1561,加深,2
1562,岁月,2
1563,护送,2
1564,丑陋,2
1565,面,2
1566,冲击力,2
1567,市井气,2
1568,愚蠢,2
1569,TIFF18,2
1570,日耳曼人,2
1571,意味,2
1572,^,2
1573,眼光,2
1574,相,2
1575,总会,2
1576,玩,2
1577,寫信,2
1578,智慧,2
1579,满满的,2
1580,举重若轻,2
1581,流动,2
1582,愉快,2
1583,讨喜,2
1584,原则,2
1585,缓解,2
1586,議題,2
1587,布朗,2
1588,父母,2
1589,自由女神,2
1590,年轻,2
1591,Merry,2
1592,diss,2
1593,大赞,2
1594,双雄,2
1595,遇见,2
1596,响,2
1597,品味,2
1598,唐僧,2
1599,粉饰太平,2
1600,回到,2
1601,夜里,2
1602,一位,2
1603,最棒,2
1604,沉浸,2
1605,prevails,2
1606,Have,2
1607,回想,2
1608,拽,2
1609,眼睛,2
1610,显,2
1611,大雪,2
1612,picture,2
1613,观点,2
1614,惹,2
1615,阶段,2
1616,令,2
1617,打手,2
1618,进化,2
1619,冷静,2
1620,选角,2
1621,第一个,2
1622,竞标,2
1623,一個,2
1624,英国人,2
1625,寻,2
1626,身体,2
1627,表达方式,2
1628,庸常,2
1629,克服,2
1630,漂亮,2
1631,滑坡,2
1632,橱窗,2
1633,影像,2
1634,decent,2
1635,happy,2
1636,应有,2
1637,东北,2
1638,理想化,2
1639,孤独感,2
1640,灌输,2
1641,这碗,2
1642,真情实感,2
1643,饮食,2
1644,北京,2
1645,BTW,2
1646,人活,2
1647,丑,2
1648,避,2
1649,11,2
1650,铺陈,2
1651,位置,2
1652,异样,2
1653,高档,2
1654,多义,2
1655,好久,2
1656,衬托,2
1657,显性,2
1658,男女,2
1659,惊艳,2
1660,家里人,2
1661,没头脑,2
1662,想像,2
1663,沉稳,2
1664,一张,2
1665,很强,2
1666,无聊,2
1667,深知,2
1668,叙述,2
1669,施坦威,2
1670,Doctor,2
1671,基础,2
1672,有钱,2
1673,五星级,2
1674,一个个,2
1675,自我感觉,2
1676,酒馆,2
1677,迥异,2
1678,hearts,2
1679,左派,2
1680,光辉,2
1681,活得,2
1682,小石头,2
1683,劇本,2
1684,欢声笑语,2
1685,早上,2
1686,隐隐,2
1687,致敬,2
1688,处于,2
1689,小酒馆,2
1690,唠,2
1691,软广,2
1692,工厂,2
1693,尝尝,2
1694,技术指标,2
1695,捞,2
1696,无可,2
1697,糟糕,2
1698,痛点,2
1699,這樣,2
1700,没人,2
1701,另一方,2
1702,越界,2
1703,编排,2
1704,热爱,2
1705,差评,2
1706,原创,2
1707,有声,2
1708,意识形态,2
1709,快,2
1710,载,2
1711,lucky,2
1712,写出,2
1713,分布,2
1714,Chopin,2
1715,鼓掌,2
1716,引进,2
1717,第二个,2
1718,一颗,2
1719,不对劲,2
1720,交流,2
1721,好过,2
1722,时代剧,2
1723,双重,2
1724,宇宙,2
1725,在线,2
1726,模糊,2
1727,宣传,2
1728,领导,2
1729,催泪,2
1730,小心翼翼,2
1731,政客,2
1732,一道,2
1733,莎士比亚,2
1734,起码,2
1735,预测,2
1736,白巧克力,2
1737,范,2
1738,骂,2
1739,痞子,2
1740,置换,2
1741,远超,2
1742,翻译,2
1743,性别,2
1744,磨合,2
1745,é,2
1746,范本,2
1747,南下,2
1748,外国,2
1749,老黑,2
1750,境遇,2
1751,雨,2
1752,刺痛,2
1753,立场,2
1754,用以,2
1755,过猛,2
1756,上班,2
1757,不爱,2
1758,直白,2
1759,話,2
1760,耻辱,2
1761,建立联系,2
1762,个性,2
1763,足,2
1764,表象,2
1765,一家,2
1766,劇情,2
1767,大陆,2
1768,记忆,2
1769,伯明翰,2
1770,Oscar,2
1771,诸多,2
1772,呼喊,2
1773,涉及,2
1774,2333,2
1775,在我看来,2
1776,太多,2
1777,care,2
1778,语境,2
1779,里头,2
1780,闪光,2
1781,找寻,2
1782,手,2
1783,无力,2
1784,文章,2
1785,小混混,2
1786,聚焦,2
1787,爆裂,2
1788,超越,2
1789,带泪,2
1790,身段,2
1791,堆砌,2
1792,别扭,2
1793,疯狂,2
1794,付钱,2
1795,锁定,2
1796,猜想,2
1797,暴雨,2
1798,老家,2
1799,跟着,2
1800,老媽,2
1801,爵士乐,2
1802,矜持,2
1803,共情,2
1804,学院派,2
1805,细微,2
1806,感染,2
1807,疑惑,2
1808,此片,2
1809,那句话,2
1810,单薄,2
1811,未必,2
1812,本书,2
1813,找麻烦,2
1814,卡,2
1815,作弊,2
1816,摆弄,2
1817,妙,2
1818,粗糙,2
1819,阻挠,2
1820,壮,2
1821,各类,2
1822,想不到,2
1823,极致,2
1824,逻辑,2
1825,升级,2
1826,看不到,2
1827,影厅,2
1828,懦弱,2
1829,太出,2
1830,之下,2
1831,差别,2
1832,鄙俗,2
1833,铺,2
1834,最强,2
1835,奔,2
1836,爱情故事,2
1837,太赞,2
1838,止步,2
1839,常见,2
1840,Dignity,2
1841,那点,2
1842,否认,2
1843,镇,2
1844,高手,2
1845,挚友,2
1846,富有,2
1847,救世主,2
1848,果断,2
1849,之上,2
1850,意图,2
1851,屋,2
1852,调色,2
1853,前往,2
1854,忍耐,2
1855,痴迷,2
1856,美国黑人,2
1857,透过,2
1858,2.5,2
1859,雨夜,2
1860,本该,2
1861,投入,2
1862,比触,2
1863,没意思,2
1864,黑奴,2
1865,优越感,2
1866,有种,2
1867,摘金,2
1868,問題,2
1869,自我安慰,2
1870,重视,2
1871,荒谬,2
1872,斩获,2
1873,分项,2
1874,一间,2
1875,怀疑,2
1876,咀嚼,2
1877,延展,2
1878,贡献,2
1879,欣赏,2
1880,终点,2
1881,不安,2
1882,真心,2
1883,拖沓,2
1884,本心,2
1885,大型,2
1886,群居,2
1887,洋溢着,2
1888,钢琴曲,2
1889,模板,2
1890,点睛,2
1891,妈,2
1892,一笔,2
1893,想当年,2
1894,回应,2
1895,只想,2
1896,9102,2
1897,实至名归,2
1898,弯,2
1899,包容性,2
1900,无论如何,2
1901,聊天,2
1902,还原,2
1903,动力,2
1904,做好,2
1905,想着,2
1906,院线,2
1907,暖意,2
1908,动物,2
1909,人皇,2
1910,意味着,2
1911,二十年,2
1912,刮目相看,2
1913,独居,2
1914,触目惊心,2
1915,不小,2
1916,排,2
1917,....,2
1918,巧克力,2
1919,实力,2
1920,流,2
1921,夜总会,2
1922,低估,2
1923,和平,2
1924,入世,2
1925,世俗,2
1926,点映场,2
1927,换来,2
1928,春风化雨,2
1929,列举,2
1930,不合时宜,2
1931,大部分,2
1932,夹心,2
1933,具备,2
1934,耶稣,2
1935,顺畅,2
1936,有点儿,2
1937,樂,2
1938,点点,2
1939,不过如此,2
1940,一下子,2
1941,viggo,2
1942,融化,2
1943,don,2
1944,五星,2
1945,少有,2
1946,人工,2
1947,奧斯卡,2
1948,纸牌,2
1949,说完,2
1950,效果,2
1951,真实感,2
1952,放,2
1953,女主,2
1954,概念,2
1955,乐意,2
1956,意淫,2
1957,凛冽,2
1958,完会,2
1959,见到,2
1960,顺理成章,2
1961,酒店,2
1962,一笑,2
1963,品质,2
1964,取舍,2
1965,主仆,2
1966,删减,2
1967,投机倒把,2
1968,输出,2
1969,有见,2
1970,初恋,2
1971,开阔,2
1972,不可思议,2
1973,想想,2
1974,公正,2
1975,o,2
1976,天然,2
1977,光环,2
1978,优美,2
1979,一站,2
1980,中心,2
1981,dignity,2
1982,鱼跃龙门,2
1983,不吃,2
1984,真好,2
1985,几十年,2
1986,支撑,2
1987,house,2
1988,指尖,2
1989,用过,2
1990,如坐针毡,2
1991,摆脱,2
1992,作,2
1993,大餐,2
1994,至极,2
1995,真挚,2
1996,轻快,2
1997,拾掇,2
1998,神,2
1999,描述,2
2000,屡试不爽,2
2001,满脸,2
2002,走向,2
2003,住店,2
2004,讨人喜欢,2
2005,拦下,2
2006,应,2
2007,v,2
2008,love,2
2009,抱怨,2
2010,直面,2
2011,脸上,2
2012,圆熟,2
2013,东是,2
2014,方方面面,2
2015,面墙,2
2016,熏陶,2
2017,世上,2
2018,奇妙,2
2019,浅尝辄止,2
2020,吊儿郎当,2
2021,焦点,2
2022,奖项,2
2023,取向,2
2024,拳头,2
2025,中指,2
2026,笑话,2
2027,躲避,2
2028,地狱,2
2029,平静,2
2030,遭受,2
2031,Miss,2
2032,文艺片,2
2033,土匪,2
2034,监狱,2
2035,诗人,2
2036,最小,2
2037,叫好,2
2038,著名,2
2039,真想,2
2040,种种,2
2041,干净,2
2042,原罪,2
2043,二者,2
2044,更让人,2
2045,good,2
2046,高人一等,2
2047,呆,2
2048,佩服,2
2049,暖心,2
2050,命题,2
2051,感同身受,2
2052,留下来,2
2053,传递,2
2054,战胜,2
2055,城堡,2
2056,逆转,2
2057,挣脱,2
2058,随便,2
2059,得知,2
2060,真香,2
2061,缺乏,2
2062,白左们,2
2063,流水线,2
2064,隔,2
2065,亲密,2
2066,塑造出,2
2067,方法,2
2068,不失,2
2069,反讽,2
2070,过用,2
2071,无知,2
2072,嗨,2
2073,等于,2
2074,lonely,2
2075,开,2
2076,家书,2
2077,充斥,2
2078,咆哮,2
2079,宏大,2
2080,扣,2
2081,倒置,2
2082,生动,2
2083,打動,2
2084,配色,2
2085,市井,2
2086,不朝,2
2087,依赖,2
2088,接近,2
2089,热门,2
2090,竖,2
2091,cut,2
2092,赢,2
2093,call,2
2094,区隔,2
2095,白色,2
2096,练习曲,2
2097,发挥,2
2098,pleaser,2
2099,满,2
2100,影子,2
2101,出声,2
2102,法雷利,2
2103,深意,2
2104,恶心,2
2105,尚可,2
2106,因素,2
2107,聪明,2
2108,微小,2
2109,解读,2
2110,收入,2
2111,之处,2
2112,留,2
2113,隔夜饭,2
2114,原生,2
2115,加成,2
2116,是从,2
2117,身材,2
2118,卡罗尔,2
2119,调度,2
2120,能怪,2
2121,陷阱,2
2122,古典音乐,2
2123,嗤之以鼻,2
2124,传记,2
2125,放松,2
2126,teaching,2
2127,算个,2
2128,1960,2
2129,交锋,2
2130,线索,2
2131,南,2
2132,华人,2
2133,爱上,2
2134,到达,2
2135,出发,2
2136,性感,2
2137,点映,2
2138,舒心,2
2139,级别,2
2140,CP,2
2141,惺惺相惜,2
2142,暗示,2
2143,有余,2
2144,恰当,2
2145,消失,2
2146,死,2
2147,敬业,2
2148,大肚腩,2
2149,统统,2
2150,点儿,2
2151,瑕不掩瑜,2
2152,掐,2
2153,抛锚,2
2154,犹如,2
2155,票房,2
2156,Daisy,2
2157,真棒,2
2158,隐藏,2
2159,剧中,2
2160,doc,2
2161,如厕,2
2162,平坦,2
2163,Jazz,2
2164,ending,2
2165,不便,2
2166,娱乐,2
2167,关键在于,2
2168,弥合,2
2169,精密,2
2170,解決,2
2171,open,2
2172,局限,2
2173,恶意,2
2174,階層,2
2175,熨帖,2
2176,嫌,2
2177,开头,2
2178,级,2
2179,镜像,2
2180,瓜葛,2
2181,娘,2
2182,轿车,2
2183,容纳,2
2184,冰冷,2
2185,天真,2
2186,读,2
2187,誰,2
2188,意識,2
2189,特效,2
2190,归属感,2
2191,红,2
2192,呈现出,2
2193,期望,2
2194,甜,2
2195,脆弱,2
2196,渐渐,2
2197,潸然泪下,2
2198,ll,2
2199,两种,2
2200,特质,2
2201,这年头,2
2202,小时,2
2203,足以,2
2204,推销,2
2205,承诺,2
2206,额外,2
2207,book,2
2208,抨击,2
2209,做出,2
2210,这方面,2
2211,条,2
2212,给予,2
2213,中年,2
2214,体会,2
2215,一类,2
2216,越见,2
2217,寄此,2
2218,基调,2
2219,赋予,2
2220,桎梏,2
2221,打算,2
2222,劳伦斯,2
2223,两天,2
2224,两部,2
2225,每次,2
2226,辜负,2
2227,封信,2
2228,迷人,2
2229,怪异,2
2230,精确,2
2231,一杯,2
2232,轻浮,2
2233,大胃,2
2234,滋味,2
2235,慢慢,2
2236,不愧,2
2237,不在乎,2
2238,解决问题,2
2239,那麼,2
2240,精妙,2
2241,演活,2
2242,输入,2
2243,老一套,2
2244,隐性,2
2245,农奴,2
2246,即兴,2
2247,宫殿,1
2248,女权主义,1
2249,发,1
2250,值得一提的是,1
2251,试衣间,1
2252,強,1
2253,热泪盈眶,1
2254,两名,1
2255,地说,1
2256,刨食,1
2257,某种意义,1
2258,没心没肺,1
2259,长得,1
2260,老年人,1
2261,大写,1
2262,矫正,1
2263,归来,1
2264,同工同酬,1
2265,放肆,1
2266,囊,1
2267,求求,1
2268,自传,1
2269,停过,1
2270,单循,1
2271,剪短,1
2272,别有,1
2273,增加,1
2274,领域,1
2275,略有,1
2276,两场,1
2277,挑衅,1
2278,好运,1
2279,並學習,1
2280,表里如一,1
2281,抹除,1
2282,细致入微,1
2283,低贱,1
2284,他拿奖,1
2285,Peter,1
2286,篝火,1
2287,突变,1
2288,小型,1
2289,解放,1
2290,救助,1
2291,单飞,1
2292,跪,1
2293,莫过于此,1
2294,racist,1
2295,偏颇,1
2296,赚钱,1
2297,控,1
2298,沉默,1
2299,下降,1
2300,西天,1
2301,expected,1
2302,片目,1
2303,西装店,1
2304,修养,1
2305,扔出去,1
2306,意见,1
2307,难,1
2308,别致,1
2309,預知,1
2310,讲猪,1
2311,这得,1
2312,正好,1
2313,身高体重,1
2314,迥然不同,1
2315,吮指,1
2316,文化背景,1
2317,姐,1
2318,擅于,1
2319,那一刻,1
2320,互为,1
2321,对立面,1
2322,最有,1
2323,欺凌,1
2324,被扣,1
2325,柯,1
2326,北美,1
2327,兩人個,1
2328,自爱,1
2329,0.1,1
2330,口,1
2331,维叔,1
2332,生命危险,1
2333,问鼎,1
2334,心照不宣,1
2335,70,1
2336,轻浅,1
2337,忍气吞声,1
2338,金钱,1
2339,浮于,1
2340,給導演,1
2341,悟空,1
2342,行云流水,1
2343,intouchables,1
2344,根治,1
2345,没多,1
2346,挑剔,1
2347,重,1
2348,下流,1
2349,并不比,1
2350,悲观,1
2351,抹,1
2352,炮教,1
2353,点击,1
2354,工具,1
2355,停车场,1
2356,正儿八经,1
2357,糊弄,1
2358,很快,1
2359,碍眼,1
2360,辛普森,1
2361,調,1
2362,浴室,1
2363,长久,1
2364,д,1
2365,好多个,1
2366,全在,1
2367,永恒,1
2368,某国,1
2369,平面化,1
2370,奥奖,1
2371,贫瘠,1
2372,消散,1
2373,成具,1
2374,评分标准,1
2375,抽煙,1
2376,乘客,1
2377,墙壁,1
2378,金人门,1
2379,主旨,1
2380,可当,1
2381,转版,1
2382,境地,1
2383,现世,1
2384,無情,1
2385,笑泪,1
2386,gentle,1
2387,越能,1
2388,吼吼,1
2389,南轅,1
2390,一年,1
2391,舍得,1
2392,后裔,1
2393,请多来,1
2394,从南到北,1
2395,他直,1
2396,纪实,1
2397,c,1
2398,听说,1
2399,稳妥,1
2400,喝酒,1
2401,目睹,1
2402,互助,1
2403,黑乎乎,1
2404,二,1
2405,情怀,1
2406,指,1
2407,兔,1
2408,一年一度,1
2409,底端,1
2410,我爱你,1
2411,午后,1
2412,混杂,1
2413,示威游行,1
2414,壁炉,1
2415,超越自我,1
2416,缺失,1
2417,当当,1
2418,拍法,1
2419,这条,1
2420,凶悍,1
2421,生前,1
2422,飙,1
2423,基礎,1
2424,元气,1
2425,罗拔,1
2426,道具,1
2427,托尼有,1
2428,近年,1
2429,内卷,1
2430,浮夸,1
2431,CPH,1
2432,总归,1
2433,能干,1
2434,速成,1
2435,最具,1
2436,表演者,1
2437,这几年来,1
2438,别拍,1
2439,灵机,1
2440,无损于,1
2441,偏向,1
2442,交响曲,1
2443,头,1
2444,招,1
2445,板起面孔,1
2446,旧得,1
2447,soothing,1
2448,添加,1
2449,服侍,1
2450,自动,1
2451,天使,1
2452,绝无,1
2453,人情味,1
2454,澎湃,1
2455,中国剧院,1
2456,人儿,1
2457,何事,1
2458,政府,1
2459,高燃,1
2460,爱家,1
2461,乡间,1
2462,师傅,1
2463,宝藏,1
2464,翻,1
2465,川普,1
2466,茫然,1
2467,黑弯,1
2468,穿个,1
2469,流派,1
2470,屈服,1
2471,思路,1
2472,不易,1
2473,残留,1
2474,受用,1
2475,浓,1
2476,替进,1
2477,太火,1
2478,雪中,1
2479,美滋滋,1
2480,数年,1
2481,修正,1
2482,黑穷,1
2483,做些,1
2484,rock,1
2485,放进,1
2486,男子,1
2487,看不下去,1
2488,隐身,1
2489,顛覆,1
2490,有件,1
2491,孑然一身,1
2492,一改,1
2493,慢悠悠,1
2494,欢,1
2495,帅,1
2496,遇上,1
2497,偶有,1
2498,violence,1
2499,被捕,1
2500,短评,1
2501,影迷,1
2502,Remy,1
2503,对同,1
2504,匠人,1
2505,对不上,1
2506,具,1
2507,卻,1
2508,对雪利,1
2509,藩篱,1
2510,雷利,1
2511,完真探,1
2512,反省,1
2513,阿拉,1
2514,亮眼,1
2515,演奏厅,1
2516,应为,1
2517,稍许,1
2518,功力,1
2519,調轉,1
2520,交叠,1
2521,胜过,1
2522,孤身一人,1
2523,活着,1
2524,3.8,1
2525,得来,1
2526,响起,1
2527,终,1
2528,稍逊一筹,1
2529,跳舞,1
2530,星期,1
2531,潜移默化,1
2532,中文,1
2533,滿,1
2534,称,1
2535,劳工,1
2536,睿智,1
2537,读者文摘,1
2538,消亡,1
2539,大师级,1
2540,技法,1
2541,羞辱,1
2542,fall,1
2543,save,1
2544,驴党,1
2545,戳,1
2546,世道,1
2547,娓娓道来,1
2548,他家,1
2549,從耶穌,1
2550,交往,1
2551,代写,1
2552,打工仔,1
2553,很甜,1
2554,瑕疵,1
2555,标准化,1
2556,北部,1
2557,周期,1
2558,不可理喻,1
2559,時間,1
2560,帮得,1
2561,英文,1
2562,讓,1
2563,清晰,1
2564,太快,1
2565,体型,1
2566,驱动,1
2567,一脸茫然,1
2568,会少,1
2569,咂摸,1
2570,虚化,1
2571,可圈可点,1
2572,奧斯卡獎,1
2573,淋会雨,1
2574,识别,1
2575,穷,1
2576,贫困,1
2577,好时光,1
2578,马杀鸡,1
2579,只论,1
2580,片里,1
2581,仪态,1
2582,话费,1
2583,车是,1
2584,大爱,1
2585,毫无疑问,1
2586,撸,1
2587,暴露,1
2588,暖化,1
2589,边流,1
2590,典范,1
2591,该类,1
2592,绝不会,1
2593,畢,1
2594,鬆,1
2595,This,1
2596,喋喋,1
2597,适意,1
2598,bet,1
2599,可颂,1
2600,令人欣慰,1
2601,带给,1
2602,透過,1
2603,基佬,1
2604,财富,1
2605,全名,1
2606,宝物,1
2607,之内,1
2608,长相,1
2609,荣誉,1
2610,雪莉,1
2611,乐于,1
2612,金像,1
2613,取决于,1
2614,践踏,1
2615,同类,1
2616,中途,1
2617,真不错,1
2618,共舞,1
2619,珍惜,1
2620,獨一,1
2621,相融,1
2622,法律,1
2623,哈里森,1
2624,高明,1
2625,黑帮,1
2626,啥事,1
2627,高浓度,1
2628,储藏室,1
2629,目的性,1
2630,告别,1
2631,常吃,1
2632,风评,1
2633,本事,1
2634,臭豆腐,1
2635,赶路,1
2636,踏实,1
2637,導演,1
2638,圭臬,1
2639,自诩,1
2640,关,1
2641,稳定,1
2642,平行,1
2643,举步维艰,1
2644,赐予,1
2645,怕,1
2646,局面,1
2647,大房子,1
2648,车厢,1
2649,放大,1
2650,莫名其妙,1
2651,扣分,1
2652,四个,1
2653,交叉,1
2654,掷地有声,1
2655,R,1
2656,腾出来,1
2657,传言,1
2658,五花,1
2659,落差,1
2660,大众文化,1
2661,画卷,1
2662,啪啪,1
2663,中下,1
2664,喜劇,1
2665,轻描淡写,1
2666,目标,1
2667,备好,1
2668,成见,1
2669,串,1
2670,最低,1
2671,司機,1
2672,开掘,1
2673,盖斯,1
2674,兩個,1
2675,直男癌,1
2676,不可多得,1
2677,绕过,1
2678,好萊塢,1
2679,後,1
2680,沈從文,1
2681,讲礼貌,1
2682,影视,1
2683,爱钱,1
2684,刻画,1
2685,放宽心,1
2686,二位,1
2687,戴茜,1
2688,优秀学生,1
2689,注定,1
2690,脉络,1
2691,wanna,1
2692,停,1
2693,形態,1
2694,成立,1
2695,提倡,1
2696,启发,1
2697,friend,1
2698,可谈,1
2699,买单,1
2700,一两部,1
2701,过桥,1
2702,种植园,1
2703,装配,1
2704,唱片,1
2705,一幕幕,1
2706,如你所愿,1
2707,外表,1
2708,杰作,1
2709,许久,1
2710,节约,1
2711,反张弛,1
2712,受难,1
2713,达,1
2714,尼对,1
2715,大师,1
2716,難事,1
2717,嗎,1
2718,杯酒,1
2719,歌曲,1
2720,两边,1
2721,If,1
2722,DR,1
2723,昨天晚上,1
2724,一口气,1
2725,茅台,1
2726,上个世纪,1
2727,细碎,1
2728,炸雞,1
2729,稻草人,1
2730,會,1
2731,灿烂,1
2732,面包,1
2733,没枪,1
2734,驾轻就熟,1
2735,太旧,1
2736,-&,1
2737,更强,1
2738,贫富,1
2739,颇为,1
2740,喔,1
2741,纵深,1
2742,我能,1
2743,俄罗斯,1
2744,有意,1
2745,miss,1
2746,眼界,1
2747,换换,1
2748,车内,1
2749,一切都在,1
2750,恐惧,1
2751,吃不饱,1
2752,那道,1
2753,没法,1
2754,条件,1
2755,撬开,1
2756,可歌,1
2757,戏剧化,1
2758,专横,1
2759,再拿奖,1
2760,這件,1
2761,强烈推荐,1
2762,剥落,1
2763,给出,1
2764,混合,1
2765,遗忘,1
2766,尷尬,1
2767,thing,1
2768,太绝,1
2769,行内,1
2770,花,1
2771,❷,1
2772,评判出,1
2773,偶爾,1
2774,力,1
2775,正派,1
2776,关门,1
2777,不失为,1
2778,继承,1
2779,男一,1
2780,更深,1
2781,答案,1
2782,要往,1
2783,古典派,1
2784,难怪会,1
2785,保驾护航,1
2786,😂,1
2787,湿,1
2788,誠,1
2789,情境,1
2790,太难,1
2791,举起,1
2792,异性恋,1
2793,摇摇晃晃,1
2794,太工,1
2795,沒辦法,1
2796,吃炸雞,1
2797,年活,1
2798,节拍,1
2799,bullshitting,1
2800,chicken,1
2801,觀眾,1
2802,广电,1
2803,He,1
2804,周旋,1
2805,郁闷,1
2806,大声,1
2807,长期,1
2808,男妓,1
2809,贏得,1
2810,當下,1
2811,Kentucky,1
2812,如牛,1
2813,tiff,1
2814,热乎乎,1
2815,站台,1
2816,气概,1
2817,说好,1
2818,并未,1
2819,cp,1
2820,求同存异,1
2821,欲,1
2822,出产,1
2823,♂,1
2824,musician,1
2825,6.5,1
2826,有用,1
2827,奔赴,1
2828,喜劇片,1
2829,免费,1
2830,越近,1
2831,現在,1
2832,因為,1
2833,MK2,1
2834,切换,1
2835,蛋糕,1
2836,行贿,1
2837,工,1
2838,明,1
2839,未免,1
2840,片尾,1
2841,一看,1
2842,一辆,1
2843,男性,1
2844,两方,1
2845,看一遍,1
2846,解救,1
2847,犀利,1
2848,美籍,1
2849,开路,1
2850,分担,1
2851,信任,1
2852,0.5,1
2853,喷,1
2854,纯属,1
2855,之王,1
2856,青绿色,1
2857,这场,1
2858,天天,1
2859,杜绝,1
2860,看且,1
2861,之中,1
2862,先不说,1
2863,活活,1
2864,同人小说,1
2865,端,1
2866,用费,1
2867,談,1
2868,感太强,1
2869,大幅度,1
2870,time,1
2871,三十年,1
2872,越向南,1
2873,肮脏,1
2874,羞愧,1
2875,写给,1
2876,民族,1
2877,稀饭,1
2878,梯度,1
2879,白富,1
2880,熠熠生辉,1
2881,酋长,1
2882,肃杀,1
2883,怀旧,1
2884,现阶段,1
2885,愿望,1
2886,相较,1
2887,出差,1
2888,卡耐基,1
2889,叩,1
2890,一瞥,1
2891,烧水,1
2892,乡村,1
2893,習慣,1
2894,欲盖弥彰,1
2895,打磨,1
2896,一触即发,1
2897,脑补,1
2898,不俗,1
2899,变迁,1
2900,更慢,1
2901,热闹,1
2902,转,1
2903,白眼,1
2904,教材,1
2905,一干二净,1
2906,单位,1
2907,老少咸宜,1
2908,行事,1
2909,坐实,1
2910,叔演,1
2911,工艺,1
2912,蔓延,1
2913,虽有,1
2914,店,1
2915,还弹,1
2916,核,1
2917,锻炼,1
2918,cops,1
2919,分裂,1
2920,共渡难关,1
2921,远不如,1
2922,尋找屬,1
2923,怒,1
2924,peak,1
2925,落难,1
2926,个例,1
2927,赎回,1
2928,5.5,1
2929,多得多,1
2930,泡面,1
2931,随之,1
2932,确保,1
2933,解围,1
2934,王晶,1
2935,减一星,1
2936,荣耀,1
2937,Chicken,1
2938,開心,1
2939,一堆,1
2940,所謂,1
2941,侧面,1
2942,只顾,1
2943,打倒,1
2944,中谢利,1
2945,中西部,1
2946,刻畫,1
2947,养分,1
2948,高高,1
2949,台下,1
2950,第一幕,1
2951,忘,1
2952,轉型,1
2953,滴水不漏,1
2954,nose,1
2955,难能可贵,1
2956,领带,1
2957,Od,1
2958,intouchable,1
2959,自洽,1
2960,优越,1
2961,二元,1
2962,短,1
2963,傻,1
2964,精炼,1
2965,模仿,1
2966,不屑,1
2967,冠以,1
2968,革新,1
2969,达式,1
2970,台,1
2971,气到,1
2972,梦想,1
2973,度差,1
2974,主题深刻,1
2975,真相,1
2976,事实上,1
2977,杂物间,1
2978,警惕,1
2979,外星人,1
2980,回家吧,1
2981,另一面,1
2982,情商,1
2983,太能,1
2984,印像,1
2985,steal,1
2986,无节制,1
2987,kind,1
2988,阶级矛盾,1
2989,Mr,1
2990,霸凌,1
2991,冲动,1
2992,节奏感,1
2993,won,1
2994,退化,1
2995,點擔,1
2996,负面,1
2997,梗,1
2998,難道,1
2999,longly,1
3000,速度,1
3001,薄弱,1
3002,吃播,1
3003,Ts,1
3004,並非,1
3005,外力,1
3006,搞基,1
3007,孕肚,1
3008,啧,1
3009,虚无,1
3010,怎麼,1
3011,Deer,1
3012,晒,1
3013,无亲,1
3014,不摸,1
3015,秉持着,1
3016,背后,1
3017,地下,1
3018,高堡,1
3019,一抓,1
3020,马丁路德,1
3021,大腿,1
3022,新年,1
3023,班房,1
3024,拉齐,1
3025,落成,1
3026,太讨喜,1
3027,平等待遇,1
3028,舔,1
3029,楼上,1
3030,总有,1
3031,渺小,1
3032,片太多,1
3033,日,1
3034,熟,1
3035,苦笑,1
3036,雨天,1
3037,拉近,1
3038,资产阶级,1
3039,调低,1
3040,之光,1
3041,扮演着,1
3042,不出意外,1
3043,闻香识,1
3044,偏,1
3045,值得尊敬,1
3046,观片,1
3047,人格,1
3048,走样,1
3049,团结起来,1
3050,inside,1
3051,同工不同酬,1
3052,土肥,1
3053,红透,1
3054,overeducated,1
3055,不演,1
3056,多面性,1
3057,深山,1
3058,素材,1
3059,飙戏,1
3060,streetwise,1
3061,深远,1
3062,活该,1
3063,要命,1
3064,漫天,1
3065,度数,1
3066,明朗,1
3067,折服,1
3068,挤满,1
3069,三颗,1
3070,公映,1
3071,更能,1
3072,庸俗,1
3073,正确性,1
3074,做派,1
3075,音乐学院,1
3076,dick,1
3077,硕盘,1
3078,名字,1
3079,一带而过,1
3080,节拍器,1
3081,尊贵,1
3082,拔枪,1
3083,毛边,1
3084,百出,1
3085,土到,1
3086,工巧,1
3087,播出,1
3088,路程,1
3089,殂,1
3090,细致,1
3091,浮在,1
3092,夫妻,1
3093,最差,1
3094,掺点,1
3095,由始至终,1
3096,贝尔,1
3097,人文,1
3098,解脱,1
3099,讲出,1
3100,很足,1
3101,琴,1
3102,挑刺,1
3103,学生,1
3104,好比,1
3105,跑不了,1
3106,擦,1
3107,忧郁,1
3108,州长,1
3109,金字塔,1
3110,时隔多年,1
3111,起合,1
3112,部好,1
3113,赠票,1
3114,很烈,1
3115,真善美,1
3116,对不起,1
3117,附庸风雅,1
3118,二三十斤,1
3119,好久没,1
3120,若能夠,1
3121,最高分,1
3122,十幾,1
3123,40,1
3124,单一,1
3125,分寸,1
3126,≦,1
3127,放置,1
3128,大字,1
3129,揶揄,1
3130,微微,1
3131,完整性,1
3132,前半段,1
3133,每人,1
3134,但轻,1
3135,婉转,1
3136,保有,1
3137,任重道远,1
3138,变性人,1
3139,玩得,1
3140,好几处,1
3141,SHIRLEY,1
3142,感覺,1
3143,燃烧,1
3144,假笑,1
3145,全是,1
3146,不失时机,1
3147,尋找,1
3148,麻木,1
3149,大事化小,1
3150,极右,1
3151,坦然自若,1
3152,伤害,1
3153,温,1
3154,爱妻,1
3155,Rocco,1
3156,柏邦妮,1
3157,美麗,1
3158,古典主义,1
3159,难免,1
3160,吹,1
3161,演了,1
3162,学好,1
3163,使法,1
3164,冬天,1
3165,层层,1
3166,射程,1
3167,17,1
3168,犹太教,1
3169,大体,1
3170,普罗,1
3171,朴实,1
3172,據,1
3173,默默,1
3174,迸发出,1
3175,显出,1
3176,完倒,1
3177,2018,1
3178,八經,1
3179,喷白,1
3180,相比之下,1
3181,倒车,1
3182,魔戒,1
3183,恋家,1
3184,轻松松,1
3185,自古以来,1
3186,农村,1
3187,仅仅只是,1
3188,干嘛,1
3189,同事,1
3190,称不上,1
3191,错怪,1
3192,多一点,1
3193,十年,1
3194,甘迺迪,1
3195,假惺惺,1
3196,双裸,1
3197,路上车,1
3198,卖,1
3199,荷里活,1
3200,凑个,1
3201,流氓,1
3202,奥斯卡金像奖,1
3203,森严,1
3204,举止轻浮,1
3205,开拓,1
3206,廣告,1
3207,跑不掉,1
3208,之後反應,1
3209,️,1
3210,搬出,1
3211,等待,1
3212,事实证明,1
3213,格调,1
3214,普世,1
3215,high,1
3216,成本,1
3217,情形,1
3218,進去,1
3219,看剧,1
3220,尽力,1
3221,独到之处,1
3222,看過,1
3223,從,1
3224,上学,1
3225,考验,1
3226,折腾,1
3227,或許,1
3228,平原,1
3229,标记,1
3230,财产,1
3231,宣传片,1
3232,划归,1
3233,MerryChristmas,1
3234,华贵,1
3235,寒风,1
3236,火車,1
3237,谢利为,1
3238,無論,1
3239,愈发,1
3240,男主嘛,1
3241,整容,1
3242,活络,1
3243,抗议,1
3244,地暗,1
3245,隐晦,1
3246,缺缺,1
3247,空泛,1
3248,坚硬,1
3249,照明,1
3250,好好,1
3251,交待,1
3252,精彩表演,1
3253,牢不可破,1
3254,一餐,1
3255,宝座,1
3256,危机,1
3257,共度,1
3258,叶公好龙,1
3259,名声,1
3260,嫌疑,1
3261,一流,1
3262,憨傻,1
3263,愉悦感,1
3264,這個,1
3265,借势,1
3266,摆盘,1
3267,没封帝,1
3268,电影版,1
3269,总统,1
3270,只當,1
3271,此生,1
3272,猜猜,1
3273,音乐会,1
3274,菠菜,1
3275,整,1
3276,纵向,1
3277,卡普拉,1
3278,贝多芬,1
3279,male,1
3280,信里,1
3281,防备,1
3282,小费,1
3283,金戒指,1
3284,提不起,1
3285,显露出,1
3286,钢铁,1
3287,公司,1
3288,静好,1
3289,保证,1
3290,关键词,1
3291,实为,1
3292,周敦颐,1
3293,THE,1
3294,绵掌,1
3295,一向如此,1
3296,之手,1
3297,既有,1
3298,低端,1
3299,舒坦,1
3300,就够,1
3301,诗歌,1
3302,看不上,1
3303,预判,1
3304,一脸,1
3305,广深,1
3306,讲文明,1
3307,赶走,1
3308,退居,1
3309,充分发挥,1
3310,艺术品,1
3311,倡导,1
3312,奢华,1
3313,信写,1
3314,一身正气,1
3315,四目,1
3316,所言,1
3317,富,1
3318,XDDD,1
3319,后劲,1
3320,某球,1
3321,打工,1
3322,庞大,1
3323,随手,1
3324,大姐,1
3325,皮筋,1
3326,说真的,1
3327,trip,1
3328,夜,1
3329,人設,1
3330,先试,1
3331,指手画脚,1
3332,把玩,1
3333,从北到,1
3334,休息,1
3335,完美无瑕,1
3336,万重,1
3337,字,1
3338,≠,1
3339,鲜活,1
3340,家过,1
3341,東方,1
3342,下体,1
3343,反感,1
3344,ali,1
3345,固有,1
3346,独一无二,1
3347,形势,1
3348,😄,1
3349,喝,1
3350,出马,1
3351,看前,1
3352,高呼,1
3353,领先,1
3354,和亲,1
3355,心声,1
3356,公众,1
3357,来回,1
3358,腐片,1
3359,温度,1
3360,含糊不清,1
3361,正視,1
3362,有害,1
3363,岑建勋,1
3364,躲,1
3365,一九五,1
3366,齁,1
3367,男主变,1
3368,筛选,1
3369,显示,1
3370,那個,1
3371,屏蔽掉,1
3372,最晚,1
3373,明亮,1
3374,落脚,1
3375,全部都是,1
3376,伐,1
3377,记住,1
3378,任由,1
3379,偏高,1
3380,暴风雪,1
3381,今屆,1
3382,made,1
3383,鼻孔,1
3384,催人老,1
3385,版图,1
3386,传道,1
3387,勉强,1
3388,纯真,1
3389,將,1
3390,藏,1
3391,懷疑,1
3392,喝下去,1
3393,奶嘴,1
3394,难题,1
3395,一律,1
3396,撞,1
3397,兴趣,1
3398,冷,1
3399,不太像,1
3400,珍爱,1
3401,小人物,1
3402,柜子,1
3403,糖,1
3404,源自,1
3405,中可觀,1
3406,绚烂,1
3407,机制,1
3408,贵公子,1
3409,穷苦,1
3410,lt,1
3411,xxx,1
3412,每门,1
3413,偶然,1
3414,脚底,1
3415,嬉笑怒骂,1
3416,shameless,1
3417,宵夜,1
3418,上用,1
3419,自知,1
3420,认,1
3421,好事儿,1
3422,执仗,1
3423,feeling,1
3424,内化,1
3425,提升,1
3426,铁直,1
3427,敬意,1
3428,赞许,1
3429,一双,1
3430,唐教托尼,1
3431,布鲁克林,1
3432,我国,1
3433,不屑一顾,1
3434,驱车,1
3435,杰出,1
3436,直指,1
3437,深刻印象,1
3438,康德,1
3439,暴涨,1
3440,光有,1
3441,带出,1
3442,精于,1
3443,惬意,1
3444,那首,1
3445,取暖,1
3446,殺手,1
3447,警卫队,1
3448,9.2,1
3449,不腐,1
3450,经久不息,1
3451,丢掉,1
3452,黑暗面,1
3453,递进,1
3454,未尝,1
3455,地带,1
3456,只好,1
3457,割裂,1
3458,迪尼路,1
3459,法导,1
3460,妥善,1
3461,呈,1
3462,YMCA,1
3463,低处,1
3464,沉甸甸地,1
3465,精细,1
3466,醉,1
3467,试,1
3468,留心,1
3469,指出,1
3470,大舌头,1
3471,≧,1
3472,竞赛,1
3473,灯,1
3474,脸色,1
3475,complicated,1
3476,鸣谢,1
3477,强大,1
3478,仍不脫,1
3479,托尼困,1
3480,弱势群体,1
3481,俗烂,1
3482,平民,1
3483,微,1
3484,柔顺,1
3485,救兵,1
3486,跳动,1
3487,饱受,1
3488,Falling,1
3489,正片,1
3490,回响,1
3491,有惊无险,1
3492,满嘴,1
3493,里弹,1
3494,浑水摸鱼,1
3495,我媽,1
3496,道谢,1
3497,座位,1
3498,令人不解,1
3499,跌宕起伏,1
3500,阶段性,1
3501,角落,1
3502,牧师,1
3503,引导,1
3504,份儿,1
3505,想快,1
3506,警惕性,1
3507,采用,1
3508,新天地,1
3509,张艺谋,1
3510,喜爱,1
3511,之岛,1
3512,最为,1
3513,boring,1
3514,手势,1
3515,奋力,1
3516,op25,1
3517,宅,1
3518,普及,1
3519,满场,1
3520,自说自话,1
3521,脖,1
3522,感染力,1
3523,屌丝,1
3524,漫漫,1
3525,爽快,1
3526,高清,1
3527,好额,1
3528,落雨,1
3529,陈旧,1
3530,原创性,1
3531,比人,1
3532,删掉,1
3533,那部,1
3534,鼓起勇气,1
3535,未来,1
3536,加点,1
3537,灰色,1
3538,选它,1
3539,谢,1
3540,集中精力,1
3541,腻味,1
3542,托尼是,1
3543,保卫,1
3544,完满,1
3545,期望值,1
3546,吊呆梨裔,1
3547,愛,1
3548,以往,1
3549,这离,1
3550,呆板,1
3551,玩味,1
3552,潜意识,1
3553,送,1
3554,对称,1
3555,掛嘴邊,1
3556,多重,1
3557,被迫,1
3558,我覺,1
3559,好電影,1
3560,忍一时,1
3561,两人戏,1
3562,反娘,1
3563,solitude,1
3564,Original,1
3565,上场,1
3566,顾家,1
3567,For,1
3568,建树,1
3569,捉笔,1
3570,步入,1
3571,前戏,1
3572,刻画出,1
3573,巨响,1
3574,说不定,1
3575,好几场,1
3576,寒冷,1
3577,自重,1
3578,宽敞,1
3579,胖揍,1
3580,极具,1
3581,罗,1
3582,长途旅行,1
3583,范畴,1
3584,文采,1
3585,样,1
3586,液,1
3587,轻声,1
3588,团体,1
3589,两句,1
3590,Saint,1
3591,解释,1
3592,发福,1
3593,看重,1
3594,演版,1
3595,温暖如春,1
3596,3.6,1
3597,区别对待,1
3598,雷米丹,1
3599,消弱,1
3600,深层,1
3601,轻视,1
3602,减分,1
3603,做个,1
3604,悲剧,1
3605,再装,1
3606,87%,1
3607,表現,1
3608,隔离墙,1
3609,过渡,1
3610,金人,1
3611,第三季,1
3612,小事,1
3613,制片,1
3614,至暗,1
3615,racism,1
3616,诅咒,1
3617,古板,1
3618,哥哥,1
3619,乔丹,1
3620,抵制,1
3621,油墨,1
3622,中重,1
3623,兼,1
3624,包藏,1
3625,亮相,1
3626,玛丽,1
3627,洗脑,1
3628,绿茵茵,1
3629,推广,1
3630,文化冲突,1
3631,可靠,1
3632,陪,1
3633,不动声色,1
3634,招安,1
3635,注意力,1
3636,叭,1
3637,沸点,1
3638,輕盈,1
3639,艾伦,1
3640,Fxxk,1
3641,综合,1
3642,红烧肉,1
3643,死角,1
3644,厚度,1
3645,查,1
3646,打人,1
3647,可预测性,1
3648,就弹,1
3649,农夫,1
3650,根源,1
3651,散场,1
3652,女演员,1
3653,毕恭毕敬,1
3654,毛衣,1
3655,贵族,1
3656,工工整整,1
3657,绵延,1
3658,word,1
3659,调换,1
3660,值得一看,1
3661,米歇尔,1
3662,行走,1
3663,门路,1
3664,问问,1
3665,Fried,1
3666,很穷,1
3667,格子,1
3668,范式,1
3669,特有,1
3670,漫长,1
3671,reverse,1
3672,回溯,1
3673,同理,1
3674,预设,1
3675,脱黑,1
3676,五脏俱全,1
3677,虎山行,1
3678,一说,1
3679,惊人,1
3680,動容,1
3681,鞭挞,1
3682,这段话,1
3683,入場,1
3684,卻還,1
3685,適用,1
3686,极深,1
3687,见成效,1
3688,场所,1
3689,重组,1
3690,真章,1
3691,热狗,1
3692,执导,1
3693,交错,1
3694,finger,1
3695,顿悟,1
3696,浩瀚,1
3697,一再,1
3698,化干戈为玉帛,1
3699,结伴同行,1
3700,平淡无奇,1
3701,矫情,1
3702,一代,1
3703,出国,1
3704,认可度,1
3705,耀眼,1
3706,北岛,1
3707,哈士奇,1
3708,神采,1
3709,結合現,1
3710,九十年代,1
3711,靠着,1
3712,悉德,1
3713,读到,1
3714,果子,1
3715,陪伴,1
3716,重量,1
3717,取经,1
3718,撇嘴,1
3719,故事会,1
3720,手不离,1
3721,万件,1
3722,气势恢宏,1
3723,伴随,1
3724,同意,1
3725,带入,1
3726,125,1
3727,达成,1
3728,好喝,1
3729,有错,1
3730,传承,1
3731,為,1
3732,虽足,1
3733,祝,1
3734,缺憾,1
3735,礼貌,1
3736,皮尔,1
3737,黑和白,1
3738,減回,1
3739,氣質,1
3740,两头,1
3741,bb,1
3742,隐形,1
3743,典当,1
3744,颁,1
3745,幻象,1
3746,味蕾,1
3747,淡淡的,1
3748,举世,1
3749,break,1
3750,Orphans,1
3751,FYC,1
3752,狭隘,1
3753,可谓,1
3754,内心世界,1
3755,shirley,1
3756,lgbt,1
3757,私底下,1
3758,全给,1
3759,中有,1
3760,抄写,1
3761,那可真,1
3762,贬值,1
3763,宠辱不惊,1
3764,掩藏,1
3765,谢丽报,1
3766,N,1
3767,这帮,1
3768,皮革业,1
3769,时代背景,1
3770,吐槽,1
3771,够,1
3772,学霸,1
3773,太大,1
3774,段子,1
3775,bursting,1
3776,供,1
3777,肥肚,1
3778,钟意,1
3779,Ⅱ,1
3780,嫌多,1
3781,开着车,1
3782,里會,1
3783,无教,1
3784,一步步,1
3785,外头,1
3786,出自,1
3787,Cardellini,1
3788,奶,1
3789,称赞,1
3790,无宗无族,1
3791,回忆起,1
3792,口诛笔伐,1
3793,回想起来,1
3794,改观,1
3795,烂俗,1
3796,逑,1
3797,减肥,1
3798,一目了然,1
3799,点出,1
3800,本届,1
3801,中庸,1
3802,天差地远,1
3803,BP84,1
3804,很漂亮,1
3805,太太,1
3806,深厚,1
3807,莫滕森演,1
3808,稍觉,1
3809,更衣,1
3810,不腻,1
3811,竟是,1
3812,一家亲,1
3813,一口,1
3814,庆幸,1
3815,趋势,1
3816,自取其辱,1
3817,相当于,1
3818,意气用事,1
3819,获,1
3820,讲故事,1
3821,不受,1
3822,不耐烦,1
3823,更大,1
3824,风韵,1
3825,音乐片,1
3826,五体投地,1
3827,节制,1
3828,显眼,1
3829,遗失,1
3830,建在,1
3831,自信,1
3832,经济学,1
3833,脖送,1
3834,涓涓,1
3835,警察局,1
3836,拙劣,1
3837,白从,1
3838,火车,1
3839,处世,1
3840,討論,1
3841,大自然,1
3842,大板,1
3843,贴合,1
3844,而出,1
3845,坚强,1
3846,但本,1
3847,主义,1
3848,多样性,1
3849,预言,1
3850,OK,1
3851,统一,1
3852,主雇,1
3853,蓝色,1
3854,赞不绝口,1
3855,根之人,1
3856,早餐,1
3857,胸怀,1
3858,注脚,1
3859,七寸,1
3860,言辞,1
3861,社畜,1
3862,可比性,1
3863,甜中,1
3864,梦工厂,1
3865,爷们,1
3866,鲍尔斯,1
3867,剧作家,1
3868,着墨,1
3869,从没,1
3870,世故,1
3871,羡慕,1
3872,bring,1
3873,紧凑,1
3874,一重,1
3875,大雨,1
3876,漫威,1
3877,homo,1
3878,十几遍,1
3879,喜感,1
3880,起友誼,1
3881,换下,1
3882,贵贱,1
3883,代笔,1
3884,25,1
3885,惊叹,1
3886,倒回去,1
3887,加戏,1
3888,打抱不平,1
3889,一对一,1
3890,一系,1
3891,肤浅,1
3892,Russian,1
3893,眼泪,1
3894,提到,1
3895,四季,1
3896,傲娇,1
3897,沒見過,1
3898,终归,1
3899,秒杀,1
3900,忒,1
3901,nicely,1
3902,美德,1
3903,睡觉,1
3904,一瓶,1
3905,还行,1
3906,互补,1
3907,取材,1
3908,恩惠,1
3909,走廊,1
3910,大雾,1
3911,偏离,1
3912,伊演,1
3913,限定,1
3914,弹得特,1
3915,男版,1
3916,那家,1
3917,含情脉脉,1
3918,民主,1
3919,一樣,1
3920,产物,1
3921,蠢萌,1
3922,大團,1
3923,后能,1
3924,香港,1
3925,YYZ,1
3926,注重,1
3927,纠结,1
3928,一大半,1
3929,东则,1
3930,克里斯,1
3931,爱看,1
3932,风味,1
3933,良药,1
3934,参赛,1
3935,其他人,1
3936,感太低,1
3937,这演,1
3938,提气,1
3939,课题,1
3940,捡回来,1
3941,亲儿子,1
3942,一系列,1
3943,21,1
3944,六个,1
3945,倔强,1
3946,我行我素,1
3947,性滿足,1
3948,演说,1
3949,猛,1
3950,law,1
3951,观摩,1
3952,娱乐性,1
3953,冰镇,1
3954,salty,1
3955,少数民族,1
3956,文中,1
3957,纷纷表示,1
3958,器乐,1
3959,恣意,1
3960,回扣,1
3961,八戒,1
3962,征服,1
3963,趋于,1
3964,二人转,1
3965,某塊,1
3966,西餐,1
3967,淚,1
3968,湘西,1
3969,比封,1
3970,聊,1
3971,塞满,1
3972,帮忙,1
3973,两星,1
3974,定位,1
3975,電影里,1
3976,莞尔,1
3977,降临,1
3978,别忘了,1
3979,炖成,1
3980,传神,1
3981,饭后,1
3982,待见,1
3983,知足,1
3984,狗屎,1
3985,车上,1
3986,粗蛮,1
3987,一会,1
3988,BL,1
3989,这类,1
3990,启示,1
3991,colored,1
3992,brute,1
3993,考虑一下,1
3994,宣泄,1
3995,尤为重要,1
3996,分化,1
3997,集合,1
3998,发自内心,1
3999,預期,1
4000,一篇篇,1
4001,明明白白,1
4002,操作,1
4003,有勇有谋,1
4004,走过,1
4005,霸道,1
4006,前夕,1
4007,但托尼是,1
4008,安排,1
4009,何求,1
4010,反常,1
4011,弱点,1
4012,Savior,1
4013,车外,1
4014,海报,1
4015,里昂,1
4016,瞧瞧,1
4017,一定量,1
4018,洗白,1
4019,腻,1
4020,能得,1
4021,来过,1
4022,感性,1
4023,😶,1
4024,质量,1
4025,他們,1
4026,亮,1
4027,一锅,1
4028,消化,1
4029,一曲,1
4030,接納,1
4031,表现形式,1
4032,坐,1
4033,拍点,1
4034,谈不上,1
4035,良心,1
4036,而扎心,1
4037,玩具,1
4038,安慰剂,1
4039,街上,1
4040,Meyer,1
4041,tm,1
4042,稍短,1
4043,过人之处,1
4044,歲,1
4045,看门,1
4046,崛起,1
4047,當喜劇,1
4048,说话,1
4049,东坡,1
4050,获利,1
4051,画幅,1
4052,轻车熟路,1
4053,往前,1
4054,片不多,1
4055,那位,1
4056,推移,1
4057,乐呵呵,1
4058,小小,1
4059,easiest,1
4060,贪吃,1
4061,美片,1
4062,ethic,1
4063,认出,1
4064,彻彻底底,1
4065,观众群,1
4066,入口,1
4067,惊到,1
4068,出门,1
4069,Everyone,1
4070,老想,1
4071,五年,1
4072,焖,1
4073,夹杂,1
4074,心碎,1
4075,陈词滥调,1
4076,路线,1
4077,扩越,1
4078,固执,1
4079,无脑,1
4080,开放,1
4081,地为,1
4082,僵化,1
4083,轻小而,1
4084,将来,1
4085,块钱,1
4086,变本加厉,1
4087,喝醉,1
4088,漏洞,1
4089,人生在世,1
4090,101,1
4091,五颗星,1
4092,擁有,1
4093,精美,1
4094,心肠,1
4095,苏联,1
4096,remix,1
4097,纸袋,1
4098,此番,1
4099,且勇,1
4100,actors,1
4101,奇特,1
4102,陈列馆,1
4103,原味,1
4104,痕迹,1
4105,透视,1
4106,终极,1
4107,反观,1
4108,扣一星,1
4109,老实,1
4110,我分,1
4111,欧洲,1
4112,过瘾,1
4113,厘清,1
4114,丢脸,1
4115,东方,1
4116,痛苦,1
4117,含量,1
4118,忍住,1
4119,菲尔德,1
4120,恭喜,1
4121,未,1
4122,阳光,1
4123,扩张,1
4124,需求,1
4125,修改,1
4126,何要,1
4127,圆桌,1
4128,偶爾有,1
4129,見,1
4130,一星,1
4131,变好,1
4132,Family,1
4133,这课,1
4134,认认真真,1
4135,发笑,1
4136,潜,1
4137,獨特,1
4138,多人,1
4139,道理,1
4140,笼罩,1
4141,宝,1
4142,accents,1
4143,诗意,1
4144,死后,1
4145,改,1
4146,已經,1
4147,拍犬,1
4148,lip,1
4149,往回,1
4150,輕,1
4151,要素,1
4152,既蠢,1
4153,观赏,1
4154,此議題,1
4155,從來,1
4156,随性,1
4157,恍若,1
4158,融融,1
4159,近似于,1
4160,润色,1
4161,这样的话,1
4162,传染,1
4163,希腊,1
4164,合作,1
4165,自觉,1
4166,有戏,1
4167,举足轻重,1
4168,已然,1
4169,表层下,1
4170,盛宴,1
4171,多首,1
4172,挣钱,1
4173,不太好,1
4174,信後改觀,1
4175,面皮,1
4176,切身体会,1
4177,消退,1
4178,顺利,1
4179,经受,1
4180,胖过,1
4181,低劣,1
4182,俯视,1
4183,阿丽塔,1
4184,忍受,1
4185,summed,1
4186,季至,1
4187,着重,1
4188,amp,1
4189,耳语,1
4190,谨慎,1
4191,pretty,1
4192,极佳,1
4193,band,1
4194,pleasers,1
4195,wind,1
4196,车轮,1
4197,放映,1
4198,受训,1
4199,轻飘,1
4200,片白,1
4201,内敛,1
4202,陌生,1
4203,再白,1
4204,打交道,1
4205,趟,1
4206,結尾,1
4207,归类,1
4208,损害,1
4209,缓和,1
4210,想拿奖,1
4211,湖,1
4212,等片,1
4213,支持者,1
4214,🏼,1
4215,样样,1
4216,斥为,1
4217,严苛,1
4218,落入俗套,1
4219,meatball,1
4220,崇尚,1
4221,呐喊,1
4222,浅,1
4223,围坐在,1
4224,嫁,1
4225,初见,1
4226,换头,1
4227,滑过,1
4228,初始,1
4229,凸显,1
4230,睡過,1
4231,表演奖,1
4232,满意,1
4233,挺直,1
4234,靠近,1
4235,鐵定,1
4236,闯入,1
4237,导演奖,1
4238,福音,1
4239,就行,1
4240,可贵,1
4241,樊篱,1
4242,房间,1
4243,有肉,1
4244,下周,1
4245,脱节,1
4246,翻译成,1
4247,皱纹,1
4248,不谙,1
4249,vituoso,1
4250,执拗,1
4251,耳目一新,1
4252,小孩子,1
4253,回宫,1
4254,激起,1
4255,穿戴,1
4256,丝滑,1
4257,音乐剧,1
4258,杀猪,1
4259,全数,1
4260,装进,1
4261,抵挡,1
4262,评论家,1
4263,判断,1
4264,民权运动,1
4265,猪年,1
4266,挡住,1
4267,错音,1
4268,Figures,1
4269,share,1
4270,影评人,1
4271,游侠,1
4272,情节剧,1
4273,简易,1
4274,炖,1
4275,黑白分明,1
4276,宗旨,1
4277,琴键,1
4278,肚子,1
4279,雇佣,1
4280,按着,1
4281,计算,1
4282,忍无可忍,1
4283,Orphan,1
4284,懂得,1
4285,记不住,1
4286,量身,1
4287,美帝,1
4288,狂人,1
4289,里边,1
4290,温柔一刀,1
4291,代疱,1
4292,肖练,1
4293,找出,1
4294,左家庄,1
4295,叔叔,1
4296,阻止不了,1
4297,一头,1
4298,锅包肉,1
4299,加深了解,1
4300,竟,1
4301,桥梁,1
4302,答应,1
4303,活动,1
4304,煎熬,1
4305,改變,1
4306,笑一笑,1
4307,忙,1
4308,右派,1
4309,抱歉,1
4310,某個,1
4311,所乐,1
4312,蹲下,1
4313,劳动者,1
4314,民族主义,1
4315,內,1
4316,雞翼外,1
4317,不该,1
4318,刻奇,1
4319,视野,1
4320,天下大同,1
4321,X,1
4322,谓之,1
4323,收张,1
4324,灵感,1
4325,永远都是,1
4326,一噴白霧,1
4327,无礼,1
4328,血亲,1
4329,比例,1
4330,女郎,1
4331,落,1
4332,刚看,1
4333,自然哲学,1
4334,每段,1
4335,无产阶级,1
4336,抱个,1
4337,实际上,1
4338,味道,1
4339,关键,1
4340,歌手,1
4341,弹冠相庆,1
4342,色彩,1
4343,总以,1
4344,Robert,1
4345,工于心计,1
4346,7.5,1
4347,坚定,1
4348,绝大部分,1
4349,Hidden,1
4350,爱水形,1
4351,积蓄,1
4352,令人作呕,1
4353,保安,1
4354,别特,1
4355,道格拉斯,1
4356,现身说法,1
4357,边笑,1
4358,White,1
4359,感谢您,1
4360,遮,1
4361,颁奖典礼,1
4362,捧腹大笑,1
4363,呼声,1
4364,拿走,1
4365,mind,1
4366,不忍心,1
4367,一大帮,1
4368,玩儿,1
4369,眼球,1
4370,通篇,1
4371,收费站,1
4372,戲劇,1
4373,贪便宜,1
4374,编,1
4375,纠葛,1
4376,工人阶级,1
4377,修炼,1
4378,一边倒,1
4379,人会,1
4380,Movie,1
4381,更应,1
4382,制版,1
4383,大道,1
4384,balance,1
4385,還滿,1
4386,每块,1
4387,fried,1
4388,打成一片,1
4389,尖刺,1
4390,大腹便便,1
4391,全场欢呼,1
4392,争议,1
4393,收敛,1
4394,骗人,1
4395,之高,1
4396,弹起,1
4397,感想,1
4398,41,1
4399,entertainer,1
4400,荒诞,1
4401,AV,1
4402,说博君,1
4403,sign,1
4404,仰望,1
4405,祝愿,1
4406,祸心,1
4407,vegan,1
4408,无一,1
4409,升职,1
4410,后代,1
4411,-------,1
4412,非暴力,1
4413,房租,1
4414,情景喜剧,1
4415,犹太人,1
4416,四件,1
4417,花絮,1
4418,新年快乐,1
4419,叔能,1
4420,此區分,1
4421,祝福,1
4422,越往后,1
4423,胜有声,1
4424,十余年,1
4425,消费,1
4426,观众们,1
4427,实质性,1
4428,沾沾自喜,1
4429,唐越,1
4430,舞曲,1
4431,刚,1
4432,瓤,1
4433,赏心悦目,1
4434,油,1
4435,没吃过,1
4436,SHOWMAN,1
4437,多克,1
4438,巧思,1
4439,脱胎换骨,1
4440,七十年代,1
4441,概括,1
4442,8.3,1
4443,乐,1
4444,佈,1
4445,小可爱,1
4446,谁谁谁,1
4447,团队,1
4448,符号,1
4449,偏離,1
4450,代言,1
4451,阴谋,1
4452,递过来,1
4453,腔调,1
4454,台詞,1
4455,下雨天,1
4456,求学路,1
4457,汲取,1
4458,可言,1
4459,捣鼓,1
4460,结缘,1
4461,俄耳甫斯,1
4462,清脆,1
4463,波澜不惊,1
4464,歌单,1
4465,光明,1
4466,白纸黑字,1
4467,小康,1
4468,金球,1
4469,Union,1
4470,莫叔,1
4471,超好,1
4472,披萨,1
4473,帮子,1
4474,毫無意義,1
4475,腐女,1
4476,乱,1
4477,杀死,1
4478,我妈,1
4479,反串,1
4480,回事儿,1
4481,感人至深,1
4482,没好,1
4483,娴熟,1
4484,Ⅳ,1
4485,见证,1
4486,属,1
4487,美景,1
4488,喷粪,1
4489,shit,1
4490,100%,1
4491,费事,1
4492,巴纳,1
4493,true,1
4494,sweet,1
4495,乐死,1
4496,時候,1
4497,一成員,1
4498,鏡頭,1
4499,猜中,1
4500,圆,1
4501,如是说,1
4502,漂漂亮亮,1
4503,前方,1
4504,游离,1
4505,寓教于乐,1
4506,互成,1
4507,讲个,1
4508,浑圆,1
4509,晚餐,1
4510,拉拉,1
4511,中一粟,1
4512,定断,1
4513,文艺作品,1
4514,里弄,1
4515,凸现,1
4516,虽是,1
4517,格泰姆,1
4518,太扯,1
4519,城,1
4520,本質,1
4521,上个月,1
4522,在家,1
4523,打造,1
4524,豪宅,1
4525,倍受,1
4526,xx,1
4527,找不出,1
4528,篡改,1
4529,预感,1
4530,拉贡,1
4531,万金油,1
4532,关键人物,1
4533,职业,1
4534,曾經,1
4535,独醒,1
4536,定义,1
4537,昔日,1
4538,圈子,1
4539,相互了解,1
4540,永存,1
4541,谢丽,1
4542,热心肠,1
4543,工艺品,1
4544,男主间,1
4545,顶,1
4546,通俗易懂,1
4547,资本主义,1
4548,´,1
4549,减轻,1
4550,武器,1
4551,武当,1
4552,引入,1
4553,妙笔生花,1
4554,老夫妻,1
4555,异类,1
4556,幾個,1
4557,长路,1
4558,竞争力,1
4559,冒犯,1
4560,孔颜乐处,1
4561,食物链,1
4562,一览无余,1
4563,神话,1
4564,深沉,1
4565,硬性,1
4566,标志性,1
4567,228,1
4568,04,1
4569,契约,1
4570,季之初,1
4571,皇上,1
4572,键盘,1
4573,截屏,1
4574,正兒,1
4575,马丁,1
4576,Soundtrack,1
4577,无畏,1
4578,憨,1
4579,条子,1
4580,诗,1
4581,先验,1
4582,說過,1
4583,投资人,1
4584,臭,1
4585,瓣,1
4586,亮堂,1
4587,占分,1
4588,无痕,1
4589,和歌,1
4590,他活,1
4591,吐,1
4592,並經,1
4593,雇主,1
4594,和川普,1
4595,肃然起敬,1
4596,下属,1
4597,适可而止,1
4598,义气,1
4599,那天,1
4600,不談過,1
4601,2019.9,1
4602,收获,1
4603,之剑,1
4604,缘由,1
4605,remind,1
4606,猴子,1
4607,一首,1
4608,代入,1
4609,意犹未尽,1
4610,学识,1
4611,大卖,1
4612,认定,1
4613,无论谁,1
4614,抽根烟,1
4615,阴影,1
4616,深思,1
4617,欣喜,1
4618,折返,1
4619,攻克,1
4620,GREATEST,1
4621,观者,1
4622,白开水,1
4623,过誉,1
4624,一種族,1
4625,忽略不计,1
4626,fighter,1
4627,比較,1
4628,靠信,1
4629,弊端,1
4630,传记片,1
4631,要说,1
4632,還蠻,1
4633,精到,1
4634,相接,1
4635,雪,1
4636,白龙马,1
4637,交相辉映,1
4638,从托尼偷,1
4639,這塊,1
4640,退一步,1
4641,美好愿望,1
4642,解气,1
4643,手夥伴,1
4644,怎样才能,1
4645,爽,1
4646,那晚,1
4647,落魄,1
4648,极少数,1
4649,抵触,1
4650,时期,1
4651,少许,1
4652,身为,1
4653,好得多,1
4654,麦克,1
4655,气愤,1
4656,痞气,1
4657,打群架,1
4658,上升期,1
4659,往南,1
4660,群众,1
4661,琴曲,1
4662,信息,1
4663,节点,1
4664,饮水,1
4665,抛光,1
4666,之流,1
4667,目前为止,1
4668,一一对应,1
4669,生机,1
4670,召唤,1
4671,传来,1
4672,解开,1
4673,恰时,1
4674,爱乐,1
4675,☆,1
4676,就拉低,1
4677,1.18,1
4678,保守,1
4679,人间,1
4680,北轍,1
4681,工资,1
4682,票选,1
4683,挖深,1
4684,托尼看,1
4685,處,1
4686,五甲,1
4687,德克士,1
4688,比上不足,1
4689,尿点,1
4690,转而,1
4691,孤立,1
4692,给星,1
4693,周,1
4694,路旁,1
4695,向来,1
4696,下手,1
4697,烂,1
4698,俗气,1
4699,入围,1
4700,弗兰克,1
4701,阿美,1
4702,师生,1
4703,接,1
4704,心情,1
4705,時代,1
4706,看一看,1
4707,逊色,1
4708,波普给,1
4709,鸭,1
4710,四部,1
4711,温润,1
4712,trash,1
4713,牛排,1
4714,国民,1
4715,另一类,1
4716,反思,1
4717,鱼死网破,1
4718,各種,1
4719,時代來,1
4720,雅痞,1
4721,反轉,1
4722,平均,1
4723,密西西比,1
4724,竞争者,1
4725,孤单,1
4726,走到,1
4727,assumption,1
4728,句,1
4729,一家人,1
4730,斗舞,1
4731,势利,1
4732,各打,1
4733,人以,1
4734,土鳖,1
4735,那樣,1
4736,体系,1
4737,加强版,1
4738,孤高,1
4739,无害,1
4740,橋梁,1
4741,新酒,1
4742,壳,1
4743,听到,1
4744,文筆,1
4745,出柜,1
4746,zzzq,1
4747,人为,1
4748,Seth,1
4749,特色,1
4750,Kitsch,1
4751,inspired,1
4752,內核,1
4753,条件反射,1
4754,夜店,1
4755,后程,1
4756,土著,1
4757,聖誕節,1
4758,淡入,1
4759,忽视,1
4760,迈向,1
4761,雷同,1
4762,行動,1
4763,社会关系,1
4764,男配角,1
4765,近些年,1
4766,談未來,1
4767,过渡期,1
4768,稳扎稳打,1
4769,一栋,1
4770,兰花指,1
4771,死板,1
4772,沾,1
4773,醇,1
4774,脏,1
4775,聽,1
4776,无可厚非,1
4777,到手,1
4778,终点站,1
4779,悬崖,1
4780,欸,1
4781,粗暴,1
4782,散发,1
4783,民粹,1
4784,象征,1
4785,道德,1
4786,大街,1
4787,喜闻乐见,1
4788,糖衣,1
4789,难以置信,1
4790,TOP250,1
4791,宛如,1
4792,神片,1
4793,孤独寂寞,1
4794,←,1
4795,企业,1
4796,第一部,1
4797,绕,1
4798,迎刃而解,1
4799,person,1
4800,离群索居,1
4801,倾向,1
4802,平衡,1
4803,小人,1
4804,认不出来,1
4805,🙈,1
4806,话说回来,1
4807,小册,1
4808,天差地别,1
4809,尾,1
4810,悲悯,1
4811,赤裸裸,1
4812,大巧若拙,1
4813,太甜,1
4814,三权分立,1
4815,画风,1
4816,Man,1
4817,甚高,1
4818,产生共鸣,1
4819,当代人,1
4820,血,1
4821,极高,1
4822,爆笑,1
4823,说些,1
4824,那头,1
4825,天分,1
4826,李借,1
4827,用枪,1
4828,为乐,1
4829,更显,1
4830,凡俗,1
4831,溫柔,1
4832,遥不可及,1
4833,标注,1
4834,流水账,1
4835,片外,1
4836,胡作非为,1
4837,起伏,1
4838,战,1
4839,腐,1
4840,穿,1
4841,地气,1
4842,⋯,1
4843,lickin,1
4844,绿,1
4845,都市女性,1
4846,封闭,1
4847,所有人,1
4848,理所当然,1
4849,室外,1
4850,纳入,1
4851,架构,1
4852,上周日,1
4853,满堂彩,1
4854,相當,1
4855,李勃,1
4856,韦斯,1
4857,轻盈,1
4858,洗白片,1
4859,给人以,1
4860,Niro,1
4861,哪能,1
4862,胃里,1
4863,精气神,1
4864,秘密,1
4865,浅表,1
4866,之口,1
4867,傲娇受,1
4868,心结,1
4869,需,1
4870,觸,1
4871,某里,1
4872,袍子,1
4873,飛揚,1
4874,更广,1
4875,芮丝,1
4876,机器,1
4877,冷漠,1
4878,系统性,1
4879,落伍,1
4880,苛责,1
4881,佳肴,1
4882,陪衬,1
4883,酒瓶,1
4884,比不上,1
4885,马云来,1
4886,挽留,1
4887,捐躯,1
4888,老爷车,1
4889,daisy,1
4890,新闻,1
4891,份,1
4892,无愧,1
4893,圓結局,1
4894,片來,1
4895,有东,1
4896,孙悟空,1
4897,一概,1
4898,不夸,1
4899,凄惨,1
4900,种歧,1
4901,老套路,1
4902,不像,1
4903,众人,1
4904,选取,1
4905,档来点,1
4906,服装设计,1
4907,不适感,1
4908,冷血,1
4909,取而代之,1
4910,过多,1
4911,阻且,1
4912,感叹,1
4913,可悲,1
4914,委屈,1
4915,一丝丝,1
4916,显而易见,1
4917,意呆利,1
4918,绝不能,1
4919,出错,1
4920,拍摄,1
4921,Yourself,1
4922,形态,1
4923,雨果,1
4924,占,1
4925,场面,1
4926,三分之一,1
4927,乔伊,1
4928,阵容,1
4929,种族主义,1
4930,平时,1
4931,尚未,1
4932,姿态,1
4933,奚落,1
4934,與,1
4935,窮,1
4936,送到,1
4937,且易,1
4938,衝獎,1
4939,例子,1
4940,拼接,1
4941,殊不知,1
4942,阴暗,1
4943,棚户,1
4944,流淌,1
4945,弱智,1
4946,反向,1
4947,開發,1
4948,前大热,1
4949,独,1
4950,奥菲欧,1
4951,送温暖,1
4952,不宜,1
4953,落地,1
4954,循序渐进,1
4955,薄荷,1
4956,承諾,1
4957,得个,1
4958,太白,1
4959,trio,1
4960,揭晓,1
4961,引路人,1
4962,关乎,1
4963,维基百科,1
4964,代,1
4965,男主是,1
4966,無視,1
4967,状态,1
4968,D,1
4969,人們,1
4970,柔,1
4971,火把,1
4972,喜恶,1
4973,上会,1
4974,抽象,1
4975,那场,1
4976,燃魂,1
4977,长于,1
4978,小高潮,1
4979,索然无味,1
4980,想一想,1
4981,特性,1
4982,私人,1
4983,Square,1
4984,一笔一画,1
4985,包裹,1
4986,flattered,1
4987,生气,1
4988,引出,1
4989,30,1
4990,每场,1
4991,浅绿,1
4992,老哥,1
4993,认可,1
4994,ô,1
4995,频出,1
4996,红酒,1
4997,季佳片,1
4998,论者,1
4999,风轻云淡,1
5000,敲击,1
5001,C,1
5002,肤,1
5003,酸楚,1
5004,配搭,1
5005,根除,1
5006,恨不得,1
5007,狂,1
5008,避重就轻,1
5009,圣母,1
5010,优秀论文,1
5011,走来,1
5012,合家欢,1
5013,必,1
5014,抓人,1
5015,这套,1
5016,manner,1
5017,玩腻,1
5018,学着,1
5019,滿嘴,1
5020,学期,1
5021,溜,1
5022,T恤,1
5023,贫民,1
5024,嘴炮,1
5025,献礼片,1
5026,伺机而动,1
5027,玉石,1
5028,收藏,1
5029,外来,1
5030,风貌,1
5031,端口,1
5032,婚姻,1
5033,礼仪,1
5034,看片,1
5035,交融,1
5036,盲点,1
5037,✌,1
5038,冲奥,1
5039,逼格,1
5040,深究,1
5041,宋嫂,1
5042,🤦,1
5043,先天,1
5044,招骂,1
5045,壁壘,1
5046,起笔,1
5047,拖,1
5048,要少,1
5049,得益于,1
5050,简单化,1
5051,框架,1
5052,竞争,1
5053,意想不到,1
5054,奏,1
5055,高过,1
5056,神作,1
5057,沁人心脾,1
5058,商业片,1
5059,低级,1
5060,jam,1
5061,姆,1
5062,class,1
5063,現上,1
5064,令人感动,1
5065,巨,1
5066,刺激,1
5067,瓦坎达,1
5068,微信,1
5069,利卡,1
5070,這部,1
5071,原谅,1
5072,不夠,1
5073,之物,1
5074,大梨裔,1
5075,侠,1
5076,优质,1
5077,遮掩,1
5078,群體,1
5079,泛酸,1
5080,厚此薄彼,1
5081,创造,1
5082,兴奋,1
5083,幸运,1
5084,打死,1
5085,哪部,1
5086,不竭,1
5087,時,1
5088,贫穷,1
5089,一副,1
5090,获得胜利,1
5091,谱系,1
5092,快活,1
5093,驿站,1
5094,处见,1
5095,软肋,1
5096,segregation,1
5097,不安全感,1
5098,趋独,1
5099,gt,1
5100,写成,1
5101,hmm,1
5102,故作,1
5103,敏感点,1
5104,有灯,1
5105,巴迪,1
5106,Gods,1
5107,那辆车,1
5108,掣肘,1
5109,叩问,1
5110,大手,1
5111,我家,1
5112,Ktown,1
5113,人美,1
5114,逕,1
5115,细,1
5116,各段,1
5117,反正,1
5118,卑微,1
5119,穿越,1
5120,大学,1
5121,三个,1
5122,结婚,1
5123,时常,1
5124,hell,1
5125,五味杂陈,1
5126,美嘛,1
5127,类片,1
5128,盔甲,1
5129,风气,1
5130,劳模,1
5131,一分钟,1
5132,nostalgic,1
5133,24,1
5134,通顺,1
5135,米,1
5136,宾馆,1
5137,学,1
5138,探索,1
5139,诞生,1
5140,佛跳墙,1
5141,越发,1
5142,戾,1
5143,过时,1
5144,根正苗红,1
5145,動人,1
5146,粉雄,1
5147,bird,1
5148,算不上,1
5149,崇敬,1
5150,刚铎,1
5151,印证,1
5152,奢望,1
5153,星期五,1
5154,抛弃,1
5155,独有,1
5156,囊中,1
5157,太好,1
5158,帅如,1
5159,何时何地,1
5160,normalize,1
5161,桌上,1
5162,屏幕,1
5163,闪着,1
5164,名叫,1
5165,所处,1
5166,accusing,1
5167,理想主义,1
5168,冲着,1
5169,音色,1
5170,几句话,1
5171,值,1
5172,主教,1
5173,挠,1
5174,低声下气,1
5175,悟,1
5176,耳朵,1
5177,安德森,1
5178,偷换,1
5179,万能,1
5180,流俗,1
5181,蜗居,1
5182,得太快,1
5183,一開始,1
5184,酗酒,1
5185,人间烟火,1
5186,小厅,1
5187,啧啧,1
5188,树丛,1
5189,任意,1
5190,疾驰,1
5191,一出场,1
5192,重拾,1
5193,低人一等,1
5194,满地,1
5195,不解,1
5196,拦车,1
5197,小哥,1
5198,隔岸,1
5199,体悟,1
5200,弟弟,1
5201,主体,1
5202,輕喜劇,1
5203,接踵而至,1
5204,瑕,1
5205,斗争,1
5206,姐妹篇,1
5207,視角,1
5208,对撞,1
5209,离题,1
5210,分题,1
5211,那张,1
5212,2000,1
5213,加个,1
5214,脑子,1
5215,垮掉,1
5216,情信,1
5217,从业人员,1
5218,论语,1
5219,今晚,1
5220,音乐厅,1
5221,无关,1
5222,这组,1
5223,麦子,1
5224,打分,1
5225,得寸进尺,1
5226,擺脫,1
5227,广阔,1
5228,actor,1
5229,延续,1
5230,第一名,1
5231,表述,1
5232,开道,1
5233,几次,1
5234,应变,1
5235,随意,1
5236,意大利式,1
5237,打肿脸充,1
5238,名不副实,1
5239,强化,1
5240,困惑,1
5241,还会,1
5242,男演员,1
5243,维修工,1
5244,滑翔伞,1
5245,紧密联系,1
5246,登上,1
5247,欺负,1
5248,这辈子,1
5249,再见,1
5250,族系,1
5251,萌到,1
5252,面临,1
5253,自主,1
5254,发型,1
5255,置換,1
5256,旅店,1
5257,easily,1
5258,小聪明,1
5259,帅气,1
5260,全程无,1
5261,送给,1
5262,不可不,1
5263,软件,1
5264,得不到,1
5265,似,1
5266,困难,1
5267,夏日,1
5268,激励,1
5269,忍不住,1
5270,长河,1
5271,下班,1
5272,赏析,1
5273,没见,1
5274,遵从,1
5275,天翻地覆,1
5276,比喻,1
5277,拿下,1
5278,其心,1
5279,金酸莓,1
5280,锦上添花,1
5281,基本功能,1
5282,发腻,1
5283,自带,1
5284,maintain,1
5285,伪善,1
5286,莫名,1
5287,无数次,1
5288,水位,1
5289,王加,1
5290,group,1
5291,虐恋,1
5292,苦难,1
5293,身边,1
5294,地域,1
5295,可愛的,1
5296,魔鬼,1
5297,❶,1
5298,接待,1
5299,路遇,1
5300,漏气,1
5301,教化,1
5302,当成,1
5303,show,1
5304,穿着,1
5305,弗里德里希,1
5306,装修,1
5307,无名小卒,1
5308,公牛,1
5309,硬伤,1
5310,歡裡面,1
5311,密度,1
5312,课三刷,1
5313,拍成,1
5314,锤,1
5315,察言观色,1
5316,源泉,1
5317,CD,1
5318,類似,1
5319,无产者,1
5320,progressive,1
5321,明明,1
5322,暴露出,1
5323,牛铃,1
5324,微苦,1
5325,先给,1
5326,圈外,1
5327,野心,1
5328,俱樂部彈,1
5329,必经之路,1
5330,内涵,1
5331,某朝,1
5332,默契,1
5333,在意,1
5334,流行乐,1
5335,救,1
5336,激昂,1
5337,这部分,1
5338,吊打,1
5339,多久,1
5340,化地,1
5341,攝,1
5342,那幕,1
5343,嚴重,1
5344,妙趣横生,1
5345,交代,1
5346,萎靡,1
5347,不食,1
5348,多一分,1
5349,略带,1
5350,奧斯卡實,1
5351,那才,1
5352,造就,1
5353,請,1
5354,硬币,1
5355,脱,1
5356,好友,1
5357,含糖量,1
5358,唤醒,1
5359,毕生,1
5360,绝,1
5361,前夜,1
5362,最大值,1
5363,两面,1
5364,抗拒,1
5365,冗杂,1
5366,Bale,1
5367,不太,1
5368,沒變,1
5369,胜利果实,1
5370,大团圆,1
5371,无懈可击,1
5372,行业,1
5373,写手,1
5374,临时,1
5375,油渍,1
5376,派上用场,1
5377,强组,1
5378,幼稚地,1
5379,这位,1
5380,发泄,1
5381,高楼大厦,1
5382,story,1
5383,举动,1
5384,辩护,1
5385,质感,1
5386,拿过,1
5387,一团和气,1
5388,艺术创作,1
5389,而生,1
5390,迷,1
5391,细胞,1
5392,心善,1
5393,大呼,1
5394,做得好,1
5395,破坏性,1
5396,礼乐,1
5397,深渊,1
5398,多款,1
5399,童谣,1
5400,亮點,1
5401,Much,1
5402,minority,1
5403,阅读,1
5404,步履维艰,1
5405,倾空,1
5406,互动,1
5407,小美女,1
5408,优点,1
5409,场子,1
5410,参考,1
5411,平权主义,1
5412,志同道合,1
5413,一加,1
5414,奥巴马,1
5415,本意,1
5416,误认为,1
5417,效率,1
5418,334,1
5419,情侣,1
5420,纯当,1
5421,东,1
5422,弟妹,1
5423,思念,1
5424,棉花,1
5425,毛子,1
5426,近十年,1
5427,季大热,1
5428,某种,1
5429,以诚相待,1
5430,Regal,1
5431,想保,1
5432,人之常情,1
5433,求锤,1
5434,熟练,1
5435,影响力,1
5436,死死,1
5437,余生,1
5438,這跟鬼島,1
5439,承包,1
5440,特質,1
5441,创意,1
5442,属意,1
5443,润物无声,1
5444,首批,1
5445,例外,1
5446,World,1
5447,谎言,1
5448,黑马,1
5449,巡回,1
5450,稍,1
5451,喜好,1
5452,效仿,1
5453,伤心,1
5454,公式,1
5455,关照,1
5456,潦草,1
5457,一家子,1
5458,枷锁,1
5459,話題,1
5460,driving,1
5461,满怀,1
5462,做工,1
5463,生存空间,1
5464,back,1
5465,麻婆,1
5466,袖子,1
5467,种子,1
5468,触碰,1
5469,如数家珍,1
5470,淡化,1
5471,片单,1
5472,无所不在,1
5473,大爷,1
5474,滥情,1
5475,一幢,1
5476,揍,1
5477,定性,1
5478,约,1
5479,风情,1
5480,留下,1
5481,`,1
5482,线上,1
5483,留给,1
5484,土味,1
5485,照片,1
5486,无调,1
5487,控得,1
5488,黑道,1
5489,驾出,1
5490,孔雀,1
5491,少数派,1
5492,凌驾,1
5493,风向,1
5494,月底,1
5495,法雷里,1
5496,哈什,1
5497,团,1
5498,讲究,1
5499,看不出,1
5500,成之作,1
5501,规整,1
5502,很小,1
5503,中无违,1
5504,往好,1
5505,肉长,1
5506,放射出,1
5507,衝突,1
5508,赢家,1
5509,路德,1
5510,戏较,1
5511,演完,1
5512,冰块,1
5513,逆置,1
5514,替手,1
5515,2017,1
5516,子女,1
5517,虎,1
5518,superficially,1
5519,口述,1
5520,變為,1
5521,降,1
5522,respect,1
5523,研究,1
5524,叻,1
5525,消去,1
5526,太浅,1
5527,景里,1
5528,枪子儿,1
5529,愤青,1
5530,推测,1
5531,一叶障目,1
5532,斯皮尔伯格,1
5533,登堂入室,1
5534,离不开,1
5535,力量感,1
5536,幻想,1
5537,马戏团,1
5538,南巡,1
5539,幸福快乐,1
5540,黛茜,1
5541,授课,1
5542,融于,1
5543,过滤,1
5544,看成,1
5545,质朴,1
5546,Dolores,1
5547,对此,1
5548,largely,1
5549,尽兴,1
5550,双双,1
5551,道歉,1
5552,比下有余,1
5553,几部,1
5554,制片人,1
5555,Friends,1
5556,飞雪,1
5557,卡通,1
5558,零分,1
5559,自有,1
5560,分段,1
5561,尽情,1
5562,风中,1
5563,寒微,1
5564,早日,1
5565,大帽子,1
5566,实显,1
5567,电影吧,1
5568,自强,1
5569,小鬼当家,1
5570,Love,1
5571,滞感,1
5572,满堂喝彩,1
5573,烟,1
5574,兩方,1
5575,通向,1
5576,視聽,1
5577,有迹可循,1
5578,通行,1
5579,分明,1
5580,直奔,1
5581,温室花朵,1
5582,女性,1
5583,破除,1
5584,寓言,1
5585,偷,1
5586,細節,1
5587,撑起,1
5588,marriage,1
5589,精良,1
5590,新鲜感,1
5591,法国电影,1
5592,剥去,1
5593,有失,1
5594,笨拙,1
5595,第三幕,1
5596,earth,1
5597,我佛,1
5598,前科,1
5599,一瞬,1
5600,不识,1
5601,Michel,1
5602,无言,1
5603,不多不少,1
5604,De,1
5605,架子,1
5606,打电话,1
5607,三年,1
5608,供应商,1
5609,同时代,1
5610,社会性,1
5611,托罗,1
5612,骗取,1
5613,出众,1
5614,逗,1
5615,他連,1
5616,PC,1
5617,夸张,1
5618,conservative,1
5619,荒唐事,1
5620,圆融,1
5621,现场,1
5622,卸下,1
5623,意大利语,1
5624,家居,1
5625,黑不夠,1
5626,妈呀,1
5627,狡猾地,1
5628,保留,1
5629,八股文,1
5630,吾王,1
5631,精采,1
5632,赶上,1
5633,手册,1
5634,正经,1
5635,华盛顿,1
5636,渣,1
5637,总裁,1
5638,牢,1
5639,2.0,1
5640,Rebecca,1
5641,二程,1
5642,私权,1
5643,愿景,1
5644,根深蒂固,1
5645,新版,1
5646,塞入,1
5647,關心,1
5648,齐聚一堂,1
5649,樂還,1
5650,脸盆,1
5651,迷茫,1
5652,親民討喜,1
5653,正面,1
5654,这戏,1
5655,頗,1
5656,剩,1
5657,游戏,1
5658,台上,1
5659,补个,1
5660,夺下,1
5661,照进,1
5662,愁苦,1
5663,品德,1
5664,Plaza,1
5665,发表,1
5666,二代,1
5667,笃信,1
5668,标题,1
5669,声音,1
5670,肖七,1
5671,麻雀,1
5672,一如,1
5673,教授,1
5674,如樂,1
5675,虚假,1
5676,真到,1
5677,不堪,1
5678,加小,1
5679,意指,1
5680,掉,1
5681,暖阳,1
5682,敲盘,1
5683,推送,1
5684,出演,1
5685,letters,1
5686,演好,1
5687,超高,1
5688,丹泽尔,1
5689,可想而知,1
5690,七部,1
5691,桑丘,1
5692,尽头,1
5693,奖杯,1
5694,一卦,1
5695,描摹,1
5696,高点,1
5697,大山,1
5698,尖銳,1
5699,好听,1
5700,屁事,1
5701,小心,1
5702,隔絕,1
5703,盘查,1
5704,正義,1
5705,老粗,1
5706,太重,1
5707,习俗,1
5708,举着,1
5709,文革,1
5710,并不需要,1
5711,编导,1
5712,伍迪,1
5713,糙汉,1
5714,音乐节,1
5715,Ⅰ,1
5716,没有勇气,1
5717,惋惜,1
5718,小火,1
5719,思维,1
5720,背脊,1
5721,打开,1
5722,演员表,1
5723,总得,1
5724,创造力,1
5725,真是太,1
5726,猎奇,1
5727,charisma,1
5728,kfc1,1
5729,暗流,1
5730,韩国,1
5731,个人成长,1
5732,教学,1
5733,声望,1
5734,變,1
5735,顺意,1
5736,公交车,1
5737,trrrrio,1
5738,一查,1
5739,富强,1
5740,爱情片,1
5741,一束,1
5742,背,1
5743,生怕,1
5744,第三个,1
5745,普世性,1
5746,契合,1
5747,一块块,1
5748,檔,1
5749,冗长,1
5750,露,1
5751,很久没,1
5752,教他,1
5753,crew,1
5754,Eyes,1
5755,小动作,1
5756,净,1
5757,雨中戏,1
5758,解答,1
5759,能拿个,1
5760,鸣枪,1
5761,預告片,1
5762,饮料,1
5763,油滑,1
5764,睡前,1
5765,呼唤,1
5766,法片,1
5767,湿润,1
5768,事迹,1
5769,表现出色,1
5770,疼,1
5771,更轻,1
5772,赞誉,1
5773,开发,1
5774,美食,1
5775,Sheldon,1
5776,男神,1
5777,几十分钟,1
5778,Motion,1
5779,no11,1
5780,GV,1
5781,远比,1
5782,肿,1
5783,merry,1
5784,圈,1
5785,相爱,1
5786,逾越,1
5787,科技,1
5788,不去,1
5789,年龄,1
5790,音乐学校,1
5791,误会,1
5792,偏見,1
5793,OST,1
5794,几首,1
5795,前辈,1
5796,此点,1
5797,润物细无声,1
5798,稳中,1
5799,重复,1
5800,连姆尼森,1
5801,变回,1
5802,忍俊不禁,1
5803,故事片,1
5804,真不信,1
5805,无意,1
5806,提防,1
5807,发胶,1
5808,私人关系,1
5809,主義,1
5810,完真,1
5811,喝啤酒,1
5812,失败,1
5813,沿途,1
5814,TOT,1
5815,片儿,1
5816,哲学,1
5817,若真,1
5818,哥们,1
5819,帅哥,1
5820,毁容,1
5821,不會,1
5822,Christian,1
5823,后殖民,1
5824,製,1
5825,见闻,1
5826,西二旗,1
5827,狠,1
5828,甘愿,1
5829,次年,1
5830,托尼教,1
5831,圈内,1
5832,僅僅,1
5833,拉了一把,1
5834,外部,1
5835,从瓦坎,1
5836,一股,1
5837,对比性,1
5838,血液,1
5839,钟情,1
5840,诉求,1
5841,不幸,1
5842,连根拔起,1
5843,人王,1
5844,略,1
5845,情不自禁,1
5846,认同感,1
5847,配置,1
5848,对仗,1
5849,为白,1
5850,優劣,1
5851,夫复,1
5852,戲院,1
5853,老骂,1
5854,白男主,1
5855,转回,1
5856,手淫,1
5857,裸體,1
5858,讲求,1
5859,What,1
5860,反对,1
5861,高傲,1
5862,奉献,1
5863,通奸,1
5864,惊涛骇浪,1
5865,稀里哗啦,1
5866,考到,1
5867,仍见,1
5868,kfc,1
5869,正正好好,1
5870,当面,1
5871,不用,1
5872,隐含,1
5873,呕血,1
5874,迄今,1
5875,牙疼,1
5876,我知,1
5877,某一,1
5878,非裔,1
5879,撞车,1
5880,完美无缺,1
5881,北上,1
5882,造,1
5883,打蛇,1
5884,下滑,1
5885,无缝,1
5886,雪地,1
5887,充实,1
5888,不忘,1
5889,画质,1
5890,起碼,1
5891,下午,1
5892,獲得,1
5893,又哭又笑,1
5894,无异于,1
5895,吵架,1
5896,不以为然,1
5897,些微,1
5898,缘故,1
5899,有什麼,1
5900,更何况,1
5901,角力,1
5902,负罪感,1
5903,worthy,1
5904,悲观主义,1
5905,sensitive,1
5906,入耳,1
5907,半黑,1
5908,主线,1
5909,罪过,1
5910,双刃剑,1
5911,認識,1
5912,来信,1
5913,恶魔,1
5914,底盘,1
5915,劳动,1
5916,过分,1
5917,宗教,1
5918,夹,1
5919,陈晓卿,1
5920,一蹴而就,1
5921,平缓,1
5922,成全,1
5923,不无道理,1
5924,不爽,1
5925,地去,1
5926,鉴赏,1
5927,泛善,1
5928,打扰,1
5929,有钱人,1
5930,南行,1
5931,88,1
5932,颁奖礼,1
5933,恕我直言,1
5934,细看,1
5935,美国版,1
5936,支线,1
5937,民众,1
5938,❸,1
5939,前行,1
5940,假,1
5941,敢,1
5942,孤苦,1
5943,轻微,1
5944,固化,1
5945,没用,1
5946,巴兹,1
5947,比赛,1
5948,盒子,1
5949,逗趣,1
5950,一辆车,1
5951,暗,1
5952,遐想,1
5953,异化,1
5954,体壮,1
5955,艺术作品,1
5956,车里,1
5957,helping,1
5958,黑男主,1
5959,残疾人,1
5960,短时间,1
5961,皆大欢喜,1
5962,誇大,1
5963,全部内容,1
5964,实物,1
5965,难求,1
5966,仇恨,1
5967,能拔,1
5968,坐车,1
5969,凡事,1
5970,关头,1
5971,举手投足,1
5972,巡回演出,1
5973,神坛,1
5974,認為,1
5975,四周,1
5976,莽撞,1
5977,友共情,1
5978,不难,1
5979,交集,1
5980,这桥,1
5981,點映,1
5982,做手,1
5983,表意,1
5984,mismatched,1
5985,工人,1
5986,向同,1
5987,設計,1
5988,封路,1
5989,落到,1
5990,作风,1
5991,比较简单,1
5992,想不起,1
5993,winter,1
5994,fight,1
5995,关键点,1
5996,驯养,1
5997,冷酷,1
5998,架空,1
5999,八大菜系,1
6000,服从,1
6001,明晰,1
6002,成年人,1
6003,季唯二,1
6004,tits,1
6005,收费,1
6006,自然而然,1
6007,特供,1
6008,样板戏,1
6009,生命,1
6010,套,1
6011,渡,1
6012,拨打,1
6013,指控,1
6014,贴标签,1
6015,数不清,1
6016,x,1
6017,煮饭,1
6018,肢体,1
6019,抚耳,1
6020,沦落,1
6021,粗中有细,1
6022,巧,1
6023,逮捕,1
6024,lights,1
6025,涓涓细流,1
6026,时时刻刻,1
6027,立国之本,1
6028,之路,1
6029,白不夠,1
6030,糖衣炮弹,1
6031,排外,1
6032,情谊,1
6033,Picture,1
6034,女生,1
6035,便宜,1
6036,一席之地,1
6037,魔性,1
6038,电视,1
6039,一大,1
6040,寻求,1
6041,切入,1
6042,芮丝真,1
6043,变奏,1
6044,其實,1
6045,写作,1
6046,路数,1
6047,太會,1
6048,眼里,1
6049,皆,1
6050,披上,1
6051,惺惺作态,1
6052,回忆,1
6053,bette,1
6054,废话,1
6055,何谓,1
6056,畅快,1
6057,温水,1
6058,几处,1
6059,田地,1
6060,寫,1
6061,背着,1
6062,拔高,1
6063,身體,1
6064,基层,1
6065,It,1
6066,多大,1
6067,发出,1
6068,一红,1
6069,一并,1
6070,唏嘘,1
6071,孤儿,1
6072,误解,1
6073,电台,1
6074,真服,1
6075,未泯,1
6076,印记,1
6077,剧,1
6078,陈,1
6079,坎坷,1
6080,beautiful,1
6081,更够,1
6082,冲奖,1
6083,哀其,1
6084,远非,1
6085,罗伯特,1
6086,灵动,1
6087,时空,1
6088,头皮发麻,1
6089,帝,1
6090,毫无保留,1
6091,一九六零年,1
6092,PT,1
6093,南北,1
6094,更合,1
6095,型,1
6096,有如,1
6097,穷人,1
6098,怀念,1
6099,曲线,1
6100,搭档,1
6101,黄人皮,1
6102,十分钟,1
6103,羁绊,1
6104,一碗,1
6105,飲食,1
6106,开篇,1
6107,众多,1
6108,人才,1
6109,多方位,1
6110,适宜,1
6111,好玩,1
6112,创作者,1
6113,高效,1
6114,逊,1
6115,甘多费尼来,1
6116,释义,1
6117,布局,1
6118,本土,1
6119,头号,1
6120,不争,1
6121,预定,1
6122,老龄,1
6123,业界,1
6124,学技,1
6125,沉静,1
6126,我敢,1
6127,行径,1
6128,拒演,1
6129,瓦解,1
6130,自由主义,1
6131,立,1
6132,很喜,1
6133,输家,1
6134,一组,1
6135,管家,1
6136,各色人等,1
6137,高品质,1
6138,前会,1
6139,城市,1
6140,双,1
6141,曼斯,1
6142,深情,1
6143,小石子,1
6144,热,1
6145,脑瓜,1
6146,惊雷,1
6147,再来点,1
6148,非他莫属,1
6149,争论,1
6150,外沿,1
6151,凑,1
6152,北佬,1
6153,动人心弦,1
6154,悲苦,1
6155,真带,1
6156,大调,1
6157,散文,1
6158,执意,1
6159,明快,1
6160,太漂亮,1
6161,王是,1
6162,耳提面命,1
6163,西,1
6164,杂糅,1
6165,微变,1
6166,风俗,1
6167,心想,1
6168,散发出,1
6169,很深,1
6170,马路上,1
6171,平日,1
6172,酱油,1
6173,横向,1
6174,高水平,1
6175,asked,1
6176,少谈,1
6177,这头,1
6178,反抗,1
6179,勾连,1
6180,一盘,1
6181,悖论,1
6182,推翻,1
6183,比托,1
6184,汤姆,1
6185,量身定做,1
6186,重获,1
6187,Ⅴ,1
6188,涟漪,1
6189,尽在不言中,1
6190,ABC,1
6191,感人肺腑,1
6192,坐满,1
6193,底色,1
6194,变革,1
6195,三十多斤,1
6196,珍贵,1
6197,下个月,1
6198,1963,1
6199,大肚子,1
6200,回避,1
6201,只会,1
6202,置于,1
6203,最先,1
6204,發生,1
6205,现代性,1
6206,廁所,1
6207,尚有,1
6208,男朋友,1
6209,孤獨,1
6210,照应,1
6211,凯迪拉克,1
6212,万年,1
6213,最讨,1
6214,牌,1
6215,包包,1
6216,憋闷,1
6217,真实性,1
6218,rdr2,1
6219,地图,1
6220,憋屈,1
6221,两届,1
6222,身陷,1
6223,看做,1
6224,规规矩矩,1
6225,金表,1
6226,避开,1
6227,眼中,1
6228,陛下,1
6229,中午,1
6230,闪闪发光,1
6231,凝视,1
6232,剪刀手,1
6233,填塞,1
6234,及格,1
6235,看作,1
6236,无外,1
6237,课上,1
6238,蹲,1
6239,德尼罗,1
6240,仿佛,1
